No files changed, compilation skipped

Ran 21 tests for test/GasBenchmarks.t.sol:GasBenchmarksTest
[PASS] testCallsHashMismatchAndBatchPermissionRejected() (gas: 188341)
[PASS] testExcessiveAllowanceRollsBack() (gas: 355528)
[PASS] testFutureAndExpiredIntentsRejected() (gas: 166192)
[PASS] testGas_FailedOutcomeAndEvidence() (gas: 430097)
[PASS] testGas_ValidBatchIntent() (gas: 210463)
[PASS] testGas_ValidSingleIntent() (gas: 182278)
[PASS] testInsufficientOutputAndWrongRecipientRollBack() (gas: 927374)
[PASS] testLargeTargetRevertIsContainedWithBoundedEvidence() (gas: 638946)
[PASS] testNonOwnerCannotRegisterAgent() (gas: 35083)
[PASS] testNonceReplayRejected() (gas: 243706)
[PASS] testOnlySelfAndReentrancyFailSafely() (gas: 516163)
[PASS] testOverspendRollsBackAndPersistsEvidence() (gas: 500392)
[PASS] testOwnerCanRegisterAgent() (gas: 68968)
[PASS] testPausedAccountRejectsExecution() (gas: 136390)
[PASS] testRegisteredAgentCanExecuteValidSingleIntent() (gas: 193007)
[PASS] testThresholdQuarantinesAndOwnerRecoversAgent() (gas: 1156726)
[PASS] testUnregisteredAgentRejectedWithoutStrike() (gas: 99589)
[PASS] testValidBatchSwapSucceeds() (gas: 242245)
[PASS] testWrongAccountRejected() (gas: 90927)
[PASS] testWrongChainRejected() (gas: 88708)
[PASS] testWrongSignatureRejectedWithoutStrike() (gas: 111506)
Suite result: ok. 21 passed; 0 failed; 0 skipped; finished in 39.45ms (35.11ms CPU time)

Ran 18 tests for test/unit/CresnexIntentLockAccount.t.sol:CresnexIntentLockAccountTest
[PASS] testCallsHashMismatchAndBatchPermissionRejected() (gas: 188275)
[PASS] testExcessiveAllowanceRollsBack() (gas: 355528)
[PASS] testFutureAndExpiredIntentsRejected() (gas: 166148)
[PASS] testInsufficientOutputAndWrongRecipientRollBack() (gas: 927330)
[PASS] testLargeTargetRevertIsContainedWithBoundedEvidence() (gas: 638902)
[PASS] testNonOwnerCannotRegisterAgent() (gas: 35083)
[PASS] testNonceReplayRejected() (gas: 243684)
[PASS] testOnlySelfAndReentrancyFailSafely() (gas: 516119)
[PASS] testOverspendRollsBackAndPersistsEvidence() (gas: 500348)
[PASS] testOwnerCanRegisterAgent() (gas: 68924)
[PASS] testPausedAccountRejectsExecution() (gas: 136390)
[PASS] testRegisteredAgentCanExecuteValidSingleIntent() (gas: 192963)
[PASS] testThresholdQuarantinesAndOwnerRecoversAgent() (gas: 1156704)
[PASS] testUnregisteredAgentRejectedWithoutStrike() (gas: 99545)
[PASS] testValidBatchSwapSucceeds() (gas: 242201)
[PASS] testWrongAccountRejected() (gas: 90883)
[PASS] testWrongChainRejected() (gas: 88686)
[PASS] testWrongSignatureRejectedWithoutStrike() (gas: 111440)
Suite result: ok. 18 passed; 0 failed; 0 skipped; finished in 39.56ms (36.42ms CPU time)

Ran 12 tests for test/unit/CresnexIntentLockAccountV2.t.sol:CresnexIntentLockAccountV2Test
[PASS] testApprovalAllowsBoundedValueAndBlocksWrongSpenderOrExcess() (gas: 782375)
[PASS] testAuthenticationAndMalformedPolicyFailuresDoNotStrikeOrConsumeNonce() (gas: 215067)
[PASS] testBatchBindsOrderAndAggregateOutcome() (gas: 473389)
[PASS] testNativeTransferEnforcesSpendAndFinalBalance() (gas: 475246)
[PASS] testOrdinaryTargetFailureConsumesNonceWithoutStrike() (gas: 178824)
[PASS] testRemovingAgentPreservesStrikeHistoryAndOnlySelfIsEnforced() (gas: 390128)
[PASS] testReplayExpiryQuarantineAndOwnerControls() (gas: 506813)
[PASS] testSwapBlocksOverspendInsufficientOutputWrongRecipientAndUnlimitedApproval() (gas: 1818564)
[PASS] testSwapUsesMeasuredDeltasAndAllowanceCap() (gas: 287153)
[PASS] testTransferBlocksExcessWrongRecipientDifferentTokenAndHiddenBatch() (gas: 1337186)
[PASS] testTransferPolicyAllowsBoundedTransfer() (gas: 196266)
[PASS] testUnsupportedEvidenceModeAndMisboundPolicyAreStructuralFailures() (gas: 218748)
Suite result: ok. 12 passed; 0 failed; 0 skipped; finished in 56.73ms (51.71ms CPU time)

Ran 17 tests for test/unit/IntentLockV2Payments.t.sol:IntentLockV2PaymentsTest
[PASS] testApprovalAllowsBoundedValueAndBlocksWrongSpenderOrExcess() (gas: 782441)
[PASS] testAuthenticationAndMalformedPolicyFailuresDoNotStrikeOrConsumeNonce() (gas: 215177)
[PASS] testBatchBindsOrderAndAggregateOutcome() (gas: 473433)
[PASS] testNativeTransferEnforcesSpendAndFinalBalance() (gas: 475356)
[PASS] testOrdinaryTargetFailureConsumesNonceWithoutStrike() (gas: 178868)
[PASS] testPayrollValidAndBlocksDuplicateEarlyLateExcessAndWrongEmployee() (gas: 2264633)
[PASS] testRemovingAgentPreservesStrikeHistoryAndOnlySelfIsEnforced() (gas: 390168)
[PASS] testReplayExpiryQuarantineAndOwnerControls() (gas: 506923)
[PASS] testSubscriptionBlocksExcessWrongMerchantExpiryAndNonOwnerCancellation() (gas: 1041121)
[PASS] testSubscriptionRecurringPeriodsCountAndOwnerCancellation() (gas: 1544635)
[PASS] testSwapBlocksOverspendInsufficientOutputWrongRecipientAndUnlimitedApproval() (gas: 1818608)
[PASS] testSwapUsesMeasuredDeltasAndAllowanceCap() (gas: 287175)
[PASS] testTransferBlocksExcessWrongRecipientDifferentTokenAndHiddenBatch() (gas: 1337296)
[PASS] testTransferPolicyAllowsBoundedTransfer() (gas: 196288)
[PASS] testTreasuryBlocksExcessWrongRecipientDuplicateReferenceBudgetAndHiddenCall() (gas: 1890533)
[PASS] testTreasuryPaymentValidAndRecordsReferenceAndBudget() (gas: 264497)
[PASS] testUnsupportedEvidenceModeAndMisboundPolicyAreStructuralFailures() (gas: 218748)
Suite result: ok. 17 passed; 0 failed; 0 skipped; finished in 113.44ms (108.72ms CPU time)

Ran 20 tests for test/GasBenchmarksV2Payments.t.sol:GasBenchmarksV2PaymentsTest
[PASS] testApprovalAllowsBoundedValueAndBlocksWrongSpenderOrExcess() (gas: 782463)
[PASS] testAuthenticationAndMalformedPolicyFailuresDoNotStrikeOrConsumeNonce() (gas: 215243)
[PASS] testBatchBindsOrderAndAggregateOutcome() (gas: 473433)
[PASS] testGas_V2PayrollPayment() (gas: 236064)
[PASS] testGas_V2SubscriptionPayment() (gas: 239229)
[PASS] testGas_V2TreasuryPayment() (gas: 236124)
[PASS] testNativeTransferEnforcesSpendAndFinalBalance() (gas: 475422)
[PASS] testOrdinaryTargetFailureConsumesNonceWithoutStrike() (gas: 178868)
[PASS] testPayrollValidAndBlocksDuplicateEarlyLateExcessAndWrongEmployee() (gas: 2264633)
[PASS] testRemovingAgentPreservesStrikeHistoryAndOnlySelfIsEnforced() (gas: 390168)
[PASS] testReplayExpiryQuarantineAndOwnerControls() (gas: 506989)
[PASS] testSubscriptionBlocksExcessWrongMerchantExpiryAndNonOwnerCancellation() (gas: 1041121)
[PASS] testSubscriptionRecurringPeriodsCountAndOwnerCancellation() (gas: 1544693)
[PASS] testSwapBlocksOverspendInsufficientOutputWrongRecipientAndUnlimitedApproval() (gas: 1818608)
[PASS] testSwapUsesMeasuredDeltasAndAllowanceCap() (gas: 287175)
[PASS] testTransferBlocksExcessWrongRecipientDifferentTokenAndHiddenBatch() (gas: 1337362)
[PASS] testTransferPolicyAllowsBoundedTransfer() (gas: 196288)
[PASS] testTreasuryBlocksExcessWrongRecipientDuplicateReferenceBudgetAndHiddenCall() (gas: 1890533)
[PASS] testTreasuryPaymentValidAndRecordsReferenceAndBudget() (gas: 264519)
[PASS] testUnsupportedEvidenceModeAndMisboundPolicyAreStructuralFailures() (gas: 218748)
Suite result: ok. 20 passed; 0 failed; 0 skipped; finished in 117.10ms (112.30ms CPU time)

Ran 24 tests for test/GasBenchmarksV2DeFi.t.sol:GasBenchmarksV2DeFiTest
[PASS] testApprovalAllowsBoundedValueAndBlocksWrongSpenderOrExcess() (gas: 782507)
[PASS] testAuthenticationAndMalformedPolicyFailuresDoNotStrikeOrConsumeNonce() (gas: 215331)
[PASS] testBatchBindsOrderAndAggregateOutcome() (gas: 473455)
[PASS] testDepositBlocksExcessWrongBeneficiaryTooFewSharesAndResidualAllowance() (gas: 1629488)
[PASS] testDepositRejectsHiddenAssetCallEvenWhenAggregateSpendFits() (gas: 369504)
[PASS] testDepositValid() (gas: 278362)
[PASS] testGas_V2Deposit() (gas: 258984)
[PASS] testGas_V2Withdrawal() (gas: 387333)
[PASS] testGas_V2YieldRebalance() (gas: 535056)
[PASS] testMaliciousVaultExcessivePullRollsBack() (gas: 393432)
[PASS] testNativeTransferEnforcesSpendAndFinalBalance() (gas: 475488)
[PASS] testOrdinaryTargetFailureConsumesNonceWithoutStrike() (gas: 178890)
[PASS] testRemovingAgentPreservesStrikeHistoryAndOnlySelfIsEnforced() (gas: 390216)
[PASS] testReplayExpiryQuarantineAndOwnerControls() (gas: 507055)
[PASS] testSwapBlocksOverspendInsufficientOutputWrongRecipientAndUnlimitedApproval() (gas: 1818908)
[PASS] testSwapUsesMeasuredDeltasAndAllowanceCap() (gas: 287286)
[PASS] testTransferBlocksExcessWrongRecipientDifferentTokenAndHiddenBatch() (gas: 1337427)
[PASS] testTransferPolicyAllowsBoundedTransfer() (gas: 196278)
[PASS] testUnsupportedEvidenceModeAndMisboundPolicyAreStructuralFailures() (gas: 218748)
[PASS] testWithdrawalBlocksExcessBurnInsufficientAssetsWrongRecipientAndUnexpectedLoss() (gas: 1936623)
[PASS] testWithdrawalValid() (gas: 410877)
[PASS] testYieldBlocksMovementLimitValueLossAndUnapprovedVault() (gas: 2537193)
[PASS] testYieldRebalanceBetweenApprovedVaults() (gas: 554801)
[PASS] testYieldRejectsArbitraryApprovedVaultCallAndDuplicateVaultPolicy() (gas: 799961)
Suite result: ok. 24 passed; 0 failed; 0 skipped; finished in 122.31ms (116.94ms CPU time)

Ran 21 tests for test/unit/IntentLockV2DeFi.t.sol:IntentLockV2DeFiTest
[PASS] testApprovalAllowsBoundedValueAndBlocksWrongSpenderOrExcess() (gas: 782463)
[PASS] testAuthenticationAndMalformedPolicyFailuresDoNotStrikeOrConsumeNonce() (gas: 215265)
[PASS] testBatchBindsOrderAndAggregateOutcome() (gas: 473433)
[PASS] testDepositBlocksExcessWrongBeneficiaryTooFewSharesAndResidualAllowance() (gas: 1629444)
[PASS] testDepositRejectsHiddenAssetCallEvenWhenAggregateSpendFits() (gas: 369438)
[PASS] testDepositValid() (gas: 278340)
[PASS] testMaliciousVaultExcessivePullRollsBack() (gas: 393388)
[PASS] testNativeTransferEnforcesSpendAndFinalBalance() (gas: 475422)
[PASS] testOrdinaryTargetFailureConsumesNonceWithoutStrike() (gas: 178868)
[PASS] testRemovingAgentPreservesStrikeHistoryAndOnlySelfIsEnforced() (gas: 390194)
[PASS] testReplayExpiryQuarantineAndOwnerControls() (gas: 506989)
[PASS] testSwapBlocksOverspendInsufficientOutputWrongRecipientAndUnlimitedApproval() (gas: 1818886)
[PASS] testSwapUsesMeasuredDeltasAndAllowanceCap() (gas: 287286)
[PASS] testTransferBlocksExcessWrongRecipientDifferentTokenAndHiddenBatch() (gas: 1337361)
[PASS] testTransferPolicyAllowsBoundedTransfer() (gas: 196278)
[PASS] testUnsupportedEvidenceModeAndMisboundPolicyAreStructuralFailures() (gas: 218748)
[PASS] testWithdrawalBlocksExcessBurnInsufficientAssetsWrongRecipientAndUnexpectedLoss() (gas: 1936557)
[PASS] testWithdrawalValid() (gas: 410877)
[PASS] testYieldBlocksMovementLimitValueLossAndUnapprovedVault() (gas: 2537127)
[PASS] testYieldRebalanceBetweenApprovedVaults() (gas: 554801)
[PASS] testYieldRejectsArbitraryApprovedVaultCallAndDuplicateVaultPolicy() (gas: 799917)
Suite result: ok. 21 passed; 0 failed; 0 skipped; finished in 122.64ms (115.31ms CPU time)

Ran 15 tests for test/GasBenchmarksV2.t.sol:GasBenchmarksV2Test
[PASS] testApprovalAllowsBoundedValueAndBlocksWrongSpenderOrExcess() (gas: 782419)
[PASS] testAuthenticationAndMalformedPolicyFailuresDoNotStrikeOrConsumeNonce() (gas: 215133)
[PASS] testBatchBindsOrderAndAggregateOutcome() (gas: 473700)
[PASS] testGas_V2BatchViolationEvidence() (gas: 311409)
[PASS] testGas_V2Swap() (gas: 261742)
[PASS] testGas_V2Transfer() (gas: 185597)
[PASS] testNativeTransferEnforcesSpendAndFinalBalance() (gas: 475312)
[PASS] testOrdinaryTargetFailureConsumesNonceWithoutStrike() (gas: 178846)
[PASS] testRemovingAgentPreservesStrikeHistoryAndOnlySelfIsEnforced() (gas: 390150)
[PASS] testReplayExpiryQuarantineAndOwnerControls() (gas: 506879)
[PASS] testSwapBlocksOverspendInsufficientOutputWrongRecipientAndUnlimitedApproval() (gas: 1818586)
[PASS] testSwapUsesMeasuredDeltasAndAllowanceCap() (gas: 287234)
[PASS] testTransferBlocksExcessWrongRecipientDifferentTokenAndHiddenBatch() (gas: 1337252)
[PASS] testTransferPolicyAllowsBoundedTransfer() (gas: 196288)
[PASS] testUnsupportedEvidenceModeAndMisboundPolicyAreStructuralFailures() (gas: 218748)
Suite result: ok. 15 passed; 0 failed; 0 skipped; finished in 98.24ms (87.79ms CPU time)

Ran 59 tests for test/unit/CREIntentRiskConsumer.t.sol:CREIntentRiskConsumerTest
[PASS] testAllowWithNonzeroCountRejected() (gas: 47866)
[PASS] testAllowWithUnusableEvidenceRejected() (gas: 46968)
[PASS] testAuthorizedGateConsumesAllowExactlyOnce() (gas: 305524)
[PASS] testChangingAccountChangesKey() (gas: 16809)
[PASS] testChangingAgentChangesKey() (gas: 15907)
[PASS] testChangingCallsHashChangesKey() (gas: 16379)
[PASS] testChangingNonceChangesKey() (gas: 17011)
[PASS] testChangingPolicyHashChangesKey() (gas: 16181)
[PASS] testCorrectMetadataWrongForwarderRejected() (gas: 40104)
[PASS] testCorrectWorkflowMetadataAccepted() (gas: 166959)
[PASS] testDecisionOverflowRejected() (gas: 46697)
[PASS] testEscalateCannotBeConsumed() (gas: 266376)
[PASS] testEscalateWithThreeRejected() (gas: 47810)
[PASS] testEscalateWithZeroRejected() (gas: 47175)
[PASS] testEvidenceHashMismatchRejected() (gas: 49331)
[PASS] testExactDuplicateReplayRejected() (gas: 208988)
[PASS] testExpiredAcceptedVerdictCannotBeConsumed() (gas: 243748)
[PASS] testExpiredVerdictRejected() (gas: 48096)
[PASS] testForwarderWithWrongWorkflowRejected() (gas: 44668)
[PASS] testFutureVerdictRejected() (gas: 48716)
[PASS] testFuzzBindingChangesKey(uint256,bytes32,bytes32) (runs: 256, μ: 19395, ~: 19395)
[PASS] testFuzzInvalidDecisionEvidence(uint8) (runs: 256, μ: 51103, ~: 51084)
Logs:
  Bound result 6

[PASS] testFuzzValidExpiryAccepted(uint32,uint32) (runs: 256, μ: 175094, ~: 174834)
Logs:
  Bound result 91
  Bound result 93

[PASS] testGateCanOnlyBeConfiguredOnce() (gas: 77847)
[PASS] testGenuineBlockCannotBeConsumed() (gas: 266101)
[PASS] testInvalidValidityWindowRejected() (gas: 48268)
[PASS] testKeystoneMetadataFixtureUsesExactLayout() (gas: 180911)
[PASS] testLongMetadataRejected() (gas: 41041)
[PASS] testMissingVerdictCannotBeConsumed() (gas: 84845)
[PASS] testOnlyGateAdminCanConfigureGate() (gas: 31572)
[PASS] testOnlyGateAdminCanConfigureWorkflow() (gas: 1127376)
[PASS] testOperationalBlockCannotBeConsumed() (gas: 245584)
[PASS] testOperationalBlockWithThresholdRejected() (gas: 47813)
[PASS] testShortMetadataRejected() (gas: 40592)
[PASS] testTypeScriptSolidityAbiVector() (gas: 188236)
[PASS] testUnauthorizedGateCannotConsume() (gas: 238880)
[PASS] testUsableBlockBelowThresholdRejected() (gas: 47384)
[PASS] testUsableBlockWithoutThresholdRejected() (gas: 47467)
[PASS] testValidAllowAccepted() (gas: 166431)
[PASS] testValidEscalateOneAccepted() (gas: 186109)
[PASS] testValidEscalateTwoAccepted() (gas: 186248)
[PASS] testValidFailClosedBlockAccepted() (gas: 166813)
[PASS] testValidGenuineBlockAccepted() (gas: 185922)
[PASS] testWorkflowAuthorizationCanOnlyBeConfiguredOnce() (gas: 33670)
[PASS] testWorkflowAuthorizationMustBeConfigured() (gas: 1139164)
[PASS] testWrongCallerRejected() (gas: 40808)
[PASS] testWrongChainIdRejected() (gas: 47129)
[PASS] testWrongRuleIdRejected() (gas: 46142)
[PASS] testWrongVersionRejected() (gas: 46439)
[PASS] testWrongWorkflowIdRejected() (gas: 45238)
[PASS] testWrongWorkflowOwnerRejected() (gas: 45481)
[PASS] testZeroAccountRejected() (gas: 47417)
[PASS] testZeroAgentRejected() (gas: 47815)
[PASS] testZeroCallsHashRejected() (gas: 46849)
[PASS] testZeroForwarderRejected() (gas: 165825)
[PASS] testZeroGateRejected() (gas: 30901)
[PASS] testZeroPolicyHashRejected() (gas: 47625)
[PASS] testZeroWorkflowIdConfigurationRejected() (gas: 1126239)
[PASS] testZeroWorkflowOwnerConfigurationRejected() (gas: 1126770)
Suite result: ok. 59 passed; 0 failed; 0 skipped; finished in 215.98ms (219.63ms CPU time)

Ran 23 tests for test/unit/CresnexIntentLockAccountV3.t.sol:CresnexIntentLockAccountV3Test
[PASS] testDifferentCallPackageCannotUseVerdict() (gas: 315912)
[PASS] testDifferentNonceCannotUseVerdict() (gas: 313903)
[PASS] testDifferentPolicyCannotUseVerdict() (gas: 315689)
[PASS] testDownstreamRevertRollsBackVerdictConsumptionThenRetrySucceeds() (gas: 611545)
[PASS] testEscalateRejects() (gas: 319192)
[PASS] testExecuteIsolatedCannotBypassGate() (gas: 37264)
[PASS] testExpiredAllowRejects() (gas: 297585)
[PASS] testFuzzBindingMutationCannotUseVerdict(uint256) (runs: 256, μ: 303967, ~: 303839)
Logs:
  Bound result 11932

[PASS] testFuzzNonAllowNeverExecutes(uint8) (runs: 256, μ: 315402, ~: 315413)
Logs:
  Bound result 2

[PASS] testGenuineBlockRejects() (gas: 319632)
[PASS] testInvalidOwnerSignatureRejectedBeforeVerdictConsumption() (gas: 286604)
[PASS] testMatchingAllowAndValidIntentSucceeds() (gas: 377504)
[PASS] testNoVerdictRejectsWithoutSecuritySideEffects() (gas: 130807)
[PASS] testOperationalBlockRejects() (gas: 299582)
[PASS] testOrdinaryExecutionFailurePreservesV2Semantics() (gas: 377090)
[PASS] testOutcomeChecksRemainEnforcedAfterAllow() (gas: 506252)
[PASS] testPolicyViolationAfterAllowPreservesV2Semantics() (gas: 501427)
[PASS] testSuccessConsumesVerdictAndIntentNonce() (gas: 407780)
[PASS] testVerdictReplayRejected() (gas: 416688)
[PASS] testWrongAccountManifestRejectedBeforeGate() (gas: 92232)
[PASS] testWrongAgentManifestRejectedBeforeGate() (gas: 92417)
[PASS] testWrongChainManifestRejectedBeforeGate() (gas: 94838)
[PASS] testWrongNonceVerdictRejected() (gas: 296656)
Suite result: ok. 23 passed; 0 failed; 0 skipped; finished in 627.41ms (642.01ms CPU time)

Ran 35 tests for test/unit/IntentLockV2Phase4.t.sol:IntentLockV2Phase4Test
[PASS] testAdminAllowsBoundedNumericAddressPauseAndRoleChanges() (gas: 685658)
[PASS] testAdminRejectsOutOfRangeWrongTargetSelectorArgumentAndBatch() (gas: 2579375)
[PASS] testAdminTimelockAndDangerousSelectorsAreRejected() (gas: 514352)
[PASS] testApprovalAllowsBoundedValueAndBlocksWrongSpenderOrExcess() (gas: 782749)
[PASS] testAuthenticationAndMalformedPolicyFailuresDoNotStrikeOrConsumeNonce() (gas: 215618)
[PASS] testBatchBindsOrderAndAggregateOutcome() (gas: 473543)
[PASS] testFuzzAdminNumericBounds(uint256) (runs: 256, μ: 175750, ~: 175787)
Logs:
  Bound result 15

[PASS] testFuzzAdminRoleIdentifier(bytes32) (runs: 256, μ: 26425, ~: 26425)
[PASS] testFuzzAdminTimestamp(uint48) (runs: 256, μ: 23210, ~: 23091)
Logs:
  Bound result 11796

[PASS] testFuzzBatchLength(uint8) (runs: 256, μ: 30688, ~: 29369)
Logs:
  Bound result 3

[PASS] testFuzzERC1155MinimumQuantity(uint8) (runs: 256, μ: 255820, ~: 255796)
Logs:
  Bound result 20

[PASS] testFuzzNftPriceAndTokenId(uint96,uint256) (runs: 256, μ: 279900, ~: 279930)
Logs:
  Bound result 49867355

[PASS] testFuzzUnsupportedModuleIdentifier(uint8) (runs: 256, μ: 39482, ~: 39364)
Logs:
  Bound result 20

[PASS] testImmutableValidatorOnlyValidatesAndCannotMutateOrExecute() (gas: 95770)
[PASS] testNativeTransferEnforcesSpendAndFinalBalance() (gas: 475660)
[PASS] testNftExcessivePullFailsAtomicallyWithoutPolicyStrike() (gas: 292785)
[PASS] testNftLargeReturnDataIsBoundedAndLargeRevertDataIsNonPunitive() (gas: 640825)
[PASS] testNftNativePaymentIsBoundedAndDelivered() (gas: 235047)
[PASS] testNftPostconditionsRollbackWrongOrMissingDelivery() (gas: 971499)
[PASS] testNftPurchaseDeliversExactERC721AndClearsAllowance() (gas: 297223)
[PASS] testNftPurchaseDeliversMinimumERC1155Quantity() (gas: 264827)
[PASS] testNftPurchaseRejectsHiddenCallAndOversizedApproval() (gas: 679378)
[PASS] testNftPurchaseRejectsWrongCollectionTokenRecipientPriceAndMarketplace() (gas: 3010925)
[PASS] testNftResidualAllowanceIsAContainedPolicyViolation() (gas: 487951)
[PASS] testOrdinaryTargetFailureConsumesNonceWithoutStrike() (gas: 179000)
[PASS] testReentrantERC1155ReceiverIsContained() (gas: 2370922)
[PASS] testReentrantERC721ReceiverIsContained() (gas: 2368025)
[PASS] testRemovingAgentPreservesStrikeHistoryAndOnlySelfIsEnforced() (gas: 390370)
[PASS] testReplayExpiryQuarantineAndOwnerControls() (gas: 507253)
[PASS] testSwapBlocksOverspendInsufficientOutputWrongRecipientAndUnlimitedApproval() (gas: 1818926)
[PASS] testSwapUsesMeasuredDeltasAndAllowanceCap() (gas: 287336)
[PASS] testTransferBlocksExcessWrongRecipientDifferentTokenAndHiddenBatch() (gas: 1337626)
[PASS] testTransferPolicyAllowsBoundedTransfer() (gas: 196344)
[PASS] testUnsupportedEvidenceModeAndMisboundPolicyAreStructuralFailures() (gas: 218748)
[PASS] testValidatorRejectsModuleImpersonation() (gas: 25521)
Suite result: ok. 35 passed; 0 failed; 0 skipped; finished in 1.70s (1.82s CPU time)

Ran 2 tests for test/invariant/IntentLockV2PaymentsInvariant.t.sol:IntentLockV2PaymentsInvariantTest
[PASS] invariant_OnlyOneChargePerSubscriptionPeriod() (runs: 128, calls: 4096, reverts: 0)

╭-----------------------------+----------+-------+---------+----------╮
| Contract                    | Selector | Calls | Reverts | Discards |
+=====================================================================+
| IntentLockV2PaymentsHandler | charge   | 4096  | 0       | 0        |
╰-----------------------------+----------+-------+---------+----------╯

Logs:
  Bound result 2007
  Bound result 4989
  Bound result 9357
  Bound result 72380887
  Bound result 5643
  Bound result 6659
  Bound result 3053
  Bound result 6
  Bound result 10690
  Bound result 14979
  Bound result 30601930
  Bound result 1
  Bound result 3094
  Bound result 34711629
  Bound result 5188
  Bound result 64294511
  Bound result 74480261
  Bound result 95208561
  Bound result 12506
  Bound result 189
  Bound result 98739510
  Bound result 22684524
  Bound result 36866329
  Bound result 2677
  Bound result 2254
  Bound result 5156449
  Bound result 5134
  Bound result 13675
  Bound result 77261841
  Bound result 781
  Bound result 10706
  Bound result 42675800

[PASS] invariant_SubscriptionCountMatchesCommittedPayment() (runs: 128, calls: 4096, reverts: 0)

╭-----------------------------+----------+-------+---------+----------╮
| Contract                    | Selector | Calls | Reverts | Discards |
+=====================================================================+
| IntentLockV2PaymentsHandler | charge   | 4096  | 0       | 0        |
╰-----------------------------+----------+-------+---------+----------╯

Logs:
  Bound result 2007
  Bound result 4989
  Bound result 9357
  Bound result 72380887
  Bound result 5643
  Bound result 6659
  Bound result 3053
  Bound result 6
  Bound result 10690
  Bound result 14979
  Bound result 30601930
  Bound result 1
  Bound result 3094
  Bound result 34711629
  Bound result 5188
  Bound result 64294511
  Bound result 74480261
  Bound result 95208561
  Bound result 12506
  Bound result 189
  Bound result 98739510
  Bound result 22684524
  Bound result 36866329
  Bound result 2677
  Bound result 2254
  Bound result 5156449
  Bound result 5134
  Bound result 13675
  Bound result 77261841
  Bound result 781
  Bound result 10706
  Bound result 42675800

Suite result: ok. 2 passed; 0 failed; 0 skipped; finished in 9.92s (18.69s CPU time)

Ran 17 tests for test/AcademicBaselines.t.sol:AcademicBaselinesTest
[PASS] testA_WrongRecipientHarmSurvivesWithoutEvidence() (gas: 114126)
[PASS] testB_OverspendIsBlocked() (gas: 71529)
[PASS] testB_WrongRecipientHarmSurvivesSpendLimit() (gas: 115175)
[PASS] testC_WrongRecipientHarmSurvivesApprovedPath() (gas: 116915)
[PASS] testD_WrongRecipientRollsBackAndPersistsEvidenceAndStrike() (gas: 288513)
[PASS] testFuzzGas_A_Benign(uint64) (runs: 256, μ: 106187, ~: 106171)
[PASS] testFuzzGas_A_WrongRecipient(uint64) (runs: 256, μ: 114193, ~: 114177)
[PASS] testFuzzGas_B_Benign(uint64) (runs: 256, μ: 107374, ~: 107364)
[PASS] testFuzzGas_B_WrongRecipient(uint64) (runs: 256, μ: 115864, ~: 115854)
[PASS] testFuzzGas_C_Benign(uint64) (runs: 256, μ: 109122, ~: 109107)
[PASS] testFuzzGas_C_WrongRecipient(uint64) (runs: 256, μ: 117546, ~: 117531)
[PASS] testFuzzGas_D_Benign(uint64) (runs: 256, μ: 181382, ~: 181366)
[PASS] testFuzzGas_D_WrongRecipient(uint64) (runs: 256, μ: 274595, ~: 274579)
[PASS] testGas_A_SignatureOnlyTransfer() (gas: 105615)
[PASS] testGas_B_SpendLimitTransfer() (gas: 107148)
[PASS] testGas_C_PathAndSpendTransfer() (gas: 108866)
[PASS] testGas_D_IntentLockTransfer() (gas: 181404)
Suite result: ok. 17 passed; 0 failed; 0 skipped; finished in 11.35s (12.68s CPU time)

Ran 3 tests for test/invariant/IntentLockV2Phase4Invariant.t.sol:IntentLockV2Phase4InvariantTest
[PASS] invariant_DangerousOrStructuralFailuresDoNotChangeAccountState() (runs: 128, calls: 4096, reverts: 0)

╭---------------------------+---------------------------------+-------+---------+----------╮
| Contract                  | Selector                        | Calls | Reverts | Discards |
+==========================================================================================+
| IntentLockV2Phase4Handler | administrationAboveBound        | 1418  | 0       | 0        |
|---------------------------+---------------------------------+-------+---------+----------|
| IntentLockV2Phase4Handler | dangerousAdministrationSelector | 1384  | 0       | 0        |
|---------------------------+---------------------------------+-------+---------+----------|
| IntentLockV2Phase4Handler | paymentWithoutNft               | 1294  | 0       | 0        |
╰---------------------------+---------------------------------+-------+---------+----------╯

Logs:
  Bound result 41805945797713232175517096619
  Bound result 5814
  Bound result 7
  Bound result 173046712773853358792105442
  Bound result 7013425617418401
  Bound result 2095597
  Bound result 2760
  Bound result 29823790481033077864095186147
  Bound result 1489456298
  Bound result 13608
  Bound result 4
  Bound result 48462541198720
  Bound result 82523121615217778
  Bound result 24459034064132354306050162
  Bound result 124858649180453961457407
  Bound result 7305
  Bound result 749
  Bound result 12171
  Bound result 935448690
  Bound result 601982452
  Bound result 92987
  Bound result 140520186
  Bound result 18876079583422
  Bound result 37937043952397937
  Bound result 7216
  Bound result 2578
  Bound result 159075867
  Bound result 901392020190439265238738
  Bound result 1067559496211955
  Bound result 287318651707050516893932
  Bound result 56363292
  Bound result 2724
  Bound result 2126847733
  Bound result 783550891
  Bound result 18899793881111656477
  Bound result 78
  Bound result 10263
  Bound result 3654

[PASS] invariant_NftAndAdministrationEffectsRemainBounded() (runs: 128, calls: 4096, reverts: 0)

╭---------------------------+---------------------------------+-------+---------+----------╮
| Contract                  | Selector                        | Calls | Reverts | Discards |
+==========================================================================================+
| IntentLockV2Phase4Handler | administrationAboveBound        | 1418  | 0       | 0        |
|---------------------------+---------------------------------+-------+---------+----------|
| IntentLockV2Phase4Handler | dangerousAdministrationSelector | 1384  | 0       | 0        |
|---------------------------+---------------------------------+-------+---------+----------|
| IntentLockV2Phase4Handler | paymentWithoutNft               | 1294  | 0       | 0        |
╰---------------------------+---------------------------------+-------+---------+----------╯

Logs:
  Bound result 41805945797713232175517096619
  Bound result 5814
  Bound result 7
  Bound result 173046712773853358792105442
  Bound result 7013425617418401
  Bound result 2095597
  Bound result 2760
  Bound result 29823790481033077864095186147
  Bound result 1489456298
  Bound result 13608
  Bound result 4
  Bound result 48462541198720
  Bound result 82523121615217778
  Bound result 24459034064132354306050162
  Bound result 124858649180453961457407
  Bound result 7305
  Bound result 749
  Bound result 12171
  Bound result 935448690
  Bound result 601982452
  Bound result 92987
  Bound result 140520186
  Bound result 18876079583422
  Bound result 37937043952397937
  Bound result 7216
  Bound result 2578
  Bound result 159075867
  Bound result 901392020190439265238738
  Bound result 1067559496211955
  Bound result 287318651707050516893932
  Bound result 56363292
  Bound result 2601
  Bound result 6262
  Bound result 783550891
  Bound result 18899793881111656477
  Bound result 78
  Bound result 10262
  Bound result 3654

[PASS] invariant_Phase4ViolationsStrikeOnceAndPersistEvidence() (runs: 128, calls: 4096, reverts: 0)

╭---------------------------+---------------------------------+-------+---------+----------╮
| Contract                  | Selector                        | Calls | Reverts | Discards |
+==========================================================================================+
| IntentLockV2Phase4Handler | administrationAboveBound        | 1418  | 0       | 0        |
|---------------------------+---------------------------------+-------+---------+----------|
| IntentLockV2Phase4Handler | dangerousAdministrationSelector | 1384  | 0       | 0        |
|---------------------------+---------------------------------+-------+---------+----------|
| IntentLockV2Phase4Handler | paymentWithoutNft               | 1294  | 0       | 0        |
╰---------------------------+---------------------------------+-------+---------+----------╯

Logs:
  Bound result 41805945797713232175517096619
  Bound result 5814
  Bound result 7
  Bound result 173046712773853358792105442
  Bound result 7013425617418401
  Bound result 2095597
  Bound result 2760
  Bound result 29823790481033077864095186147
  Bound result 1489456298
  Bound result 13608
  Bound result 4
  Bound result 48462541198720
  Bound result 82523121615217778
  Bound result 24459034064132354306050162
  Bound result 124858649180453961457407
  Bound result 7305
  Bound result 749
  Bound result 12171
  Bound result 935448690
  Bound result 601982452
  Bound result 92987
  Bound result 140520186
  Bound result 18876079583422
  Bound result 37937043952397937
  Bound result 7216
  Bound result 2578
  Bound result 159075867
  Bound result 901392020190439265238738
  Bound result 1067559496211955
  Bound result 287318651707050516893932
  Bound result 56363292
  Bound result 2724
  Bound result 2126847733
  Bound result 783550891
  Bound result 18899793881111656477
  Bound result 78
  Bound result 10263
  Bound result 3654

Suite result: ok. 3 passed; 0 failed; 0 skipped; finished in 10.81s (28.60s CPU time)

Ran 19 tests for test/fuzz/IntentLockV2PaymentsFuzz.t.sol:IntentLockV2PaymentsFuzzTest
[PASS] testApprovalAllowsBoundedValueAndBlocksWrongSpenderOrExcess() (gas: 782463)
[PASS] testAuthenticationAndMalformedPolicyFailuresDoNotStrikeOrConsumeNonce() (gas: 215221)
[PASS] testBatchBindsOrderAndAggregateOutcome() (gas: 473455)
[PASS] testFuzz_PayrollWindow(uint48,uint64) (runs: 256, μ: 268315, ~: 273414)
Logs:
  Bound result 2651

[PASS] testFuzz_TreasuryAmountBoundary(uint96,uint96,uint64) (runs: 256, μ: 245928, ~: 271537)
Logs:
  Bound result 6835
  Bound result 10572

[PASS] testNativeTransferEnforcesSpendAndFinalBalance() (gas: 475400)
[PASS] testOrdinaryTargetFailureConsumesNonceWithoutStrike() (gas: 178890)
[PASS] testPayrollValidAndBlocksDuplicateEarlyLateExcessAndWrongEmployee() (gas: 2264655)
[PASS] testRemovingAgentPreservesStrikeHistoryAndOnlySelfIsEnforced() (gas: 390190)
[PASS] testReplayExpiryQuarantineAndOwnerControls() (gas: 506967)
[PASS] testSubscriptionBlocksExcessWrongMerchantExpiryAndNonOwnerCancellation() (gas: 1041143)
[PASS] testSubscriptionRecurringPeriodsCountAndOwnerCancellation() (gas: 1544657)
[PASS] testSwapBlocksOverspendInsufficientOutputWrongRecipientAndUnlimitedApproval() (gas: 1818630)
[PASS] testSwapUsesMeasuredDeltasAndAllowanceCap() (gas: 287197)
[PASS] testTransferBlocksExcessWrongRecipientDifferentTokenAndHiddenBatch() (gas: 1337340)
[PASS] testTransferPolicyAllowsBoundedTransfer() (gas: 196310)
[PASS] testTreasuryBlocksExcessWrongRecipientDuplicateReferenceBudgetAndHiddenCall() (gas: 1890555)
[PASS] testTreasuryPaymentValidAndRecordsReferenceAndBudget() (gas: 264519)
[PASS] testUnsupportedEvidenceModeAndMisboundPolicyAreStructuralFailures() (gas: 218748)
Suite result: ok. 19 passed; 0 failed; 0 skipped; finished in 11.35s (11.49s CPU time)

Ran 21 tests for test/fuzz/IntentLockFuzz.t.sol:IntentLockFuzzTest
[PASS] testCallsHashMismatchAndBatchPermissionRejected() (gas: 188645)
[PASS] testExcessiveAllowanceRollsBack() (gas: 355708)
[PASS] testFutureAndExpiredIntentsRejected() (gas: 166412)
[PASS] testFuzz_BatchLengthRejectedAboveLimit(uint8) (runs: 256, μ: 267814, ~: 243123)
Logs:
  Bound result 62

[PASS] testFuzz_InputLimit(uint96,uint96,uint64) (runs: 256, μ: 320749, ~: 219075)
Logs:
  Bound result 13452
  Bound result 6053

[PASS] testFuzz_MinimumOutput(uint96,uint96,uint64) (runs: 256, μ: 280851, ~: 328948)
Logs:
  Bound result 13452
  Bound result 6053

[PASS] testInsufficientOutputAndWrongRecipientRollBack() (gas: 927858)
[PASS] testLargeTargetRevertIsContainedWithBoundedEvidence() (gas: 639154)
[PASS] testNonOwnerCannotRegisterAgent() (gas: 35131)
[PASS] testNonceReplayRejected() (gas: 243900)
[PASS] testOnlySelfAndReentrancyFailSafely() (gas: 516422)
[PASS] testOverspendRollsBackAndPersistsEvidence() (gas: 500672)
[PASS] testOwnerCanRegisterAgent() (gas: 68972)
[PASS] testPausedAccountRejectsExecution() (gas: 136570)
[PASS] testRegisteredAgentCanExecuteValidSingleIntent() (gas: 193143)
[PASS] testThresholdQuarantinesAndOwnerRecoversAgent() (gas: 1157532)
[PASS] testUnregisteredAgentRejectedWithoutStrike() (gas: 99725)
[PASS] testValidBatchSwapSucceeds() (gas: 242465)
[PASS] testWrongAccountRejected() (gas: 91039)
[PASS] testWrongChainRejected() (gas: 88842)
[PASS] testWrongSignatureRejectedWithoutStrike() (gas: 111664)
Suite result: ok. 21 passed; 0 failed; 0 skipped; finished in 11.36s (11.92s CPU time)

Ran 16 tests for test/fuzz/IntentLockV2Fuzz.t.sol:IntentLockV2FuzzTest
[PASS] testApprovalAllowsBoundedValueAndBlocksWrongSpenderOrExcess() (gas: 782489)
[PASS] testAuthenticationAndMalformedPolicyFailuresDoNotStrikeOrConsumeNonce() (gas: 215203)
[PASS] testBatchBindsOrderAndAggregateOutcome() (gas: 473455)
[PASS] testFuzz_AllowanceArrayBound(uint8) (runs: 256, μ: 141095, ~: 136668)
Logs:
  Bound result 20

[PASS] testFuzz_AssetArrayBound(uint8) (runs: 256, μ: 144421, ~: 139526)
Logs:
  Bound result 20

[PASS] testFuzz_NativeSpendBoundary(uint96,uint96,uint64) (runs: 256, μ: 216893, ~: 178302)
Logs:
  Bound result 6787
  Bound result 10385

[PASS] testFuzz_TransferAmountBoundary(uint96,uint96,uint64) (runs: 256, μ: 230823, ~: 194323)
Logs:
  Bound result 6787
  Bound result 10385

[PASS] testNativeTransferEnforcesSpendAndFinalBalance() (gas: 475334)
[PASS] testOrdinaryTargetFailureConsumesNonceWithoutStrike() (gas: 178938)
[PASS] testRemovingAgentPreservesStrikeHistoryAndOnlySelfIsEnforced() (gas: 390242)
[PASS] testReplayExpiryQuarantineAndOwnerControls() (gas: 506949)
[PASS] testSwapBlocksOverspendInsufficientOutputWrongRecipientAndUnlimitedApproval() (gas: 1818779)
[PASS] testSwapUsesMeasuredDeltasAndAllowanceCap() (gas: 287260)
[PASS] testTransferBlocksExcessWrongRecipientDifferentTokenAndHiddenBatch() (gas: 1337322)
[PASS] testTransferPolicyAllowsBoundedTransfer() (gas: 196358)
[PASS] testUnsupportedEvidenceModeAndMisboundPolicyAreStructuralFailures() (gas: 218796)
Suite result: ok. 16 passed; 0 failed; 0 skipped; finished in 11.19s (1.30s CPU time)

Ran 23 tests for test/fuzz/IntentLockV2DeFiFuzz.t.sol:IntentLockV2DeFiFuzzTest
[PASS] testApprovalAllowsBoundedValueAndBlocksWrongSpenderOrExcess() (gas: 782507)
[PASS] testAuthenticationAndMalformedPolicyFailuresDoNotStrikeOrConsumeNonce() (gas: 215309)
[PASS] testBatchBindsOrderAndAggregateOutcome() (gas: 473455)
[PASS] testDepositBlocksExcessWrongBeneficiaryTooFewSharesAndResidualAllowance() (gas: 1629466)
[PASS] testDepositRejectsHiddenAssetCallEvenWhenAggregateSpendFits() (gas: 369482)
[PASS] testDepositValid() (gas: 278362)
[PASS] testFuzz_DepositAmountBoundary(uint96,uint96,uint64) (runs: 256, μ: 281199, ~: 295330)
Logs:
  Bound result 7089
  Bound result 11335

[PASS] testFuzz_MinimumShares(uint96,uint96,uint64) (runs: 256, μ: 344586, ~: 267405)
Logs:
  Bound result 7089
  Bound result 11335

[PASS] testMaliciousVaultExcessivePullRollsBack() (gas: 393432)
[PASS] testNativeTransferEnforcesSpendAndFinalBalance() (gas: 475466)
[PASS] testOrdinaryTargetFailureConsumesNonceWithoutStrike() (gas: 178890)
[PASS] testRemovingAgentPreservesStrikeHistoryAndOnlySelfIsEnforced() (gas: 390216)
[PASS] testReplayExpiryQuarantineAndOwnerControls() (gas: 507033)
[PASS] testSwapBlocksOverspendInsufficientOutputWrongRecipientAndUnlimitedApproval() (gas: 1818908)
[PASS] testSwapUsesMeasuredDeltasAndAllowanceCap() (gas: 287308)
[PASS] testTransferBlocksExcessWrongRecipientDifferentTokenAndHiddenBatch() (gas: 1337405)
[PASS] testTransferPolicyAllowsBoundedTransfer() (gas: 196300)
[PASS] testUnsupportedEvidenceModeAndMisboundPolicyAreStructuralFailures() (gas: 218748)
[PASS] testWithdrawalBlocksExcessBurnInsufficientAssetsWrongRecipientAndUnexpectedLoss() (gas: 1936601)
[PASS] testWithdrawalValid() (gas: 410877)
[PASS] testYieldBlocksMovementLimitValueLossAndUnapprovedVault() (gas: 2537171)
[PASS] testYieldRebalanceBetweenApprovedVaults() (gas: 554823)
[PASS] testYieldRejectsArbitraryApprovedVaultCallAndDuplicateVaultPolicy() (gas: 799961)
Suite result: ok. 23 passed; 0 failed; 0 skipped; finished in 11.62s (12.34s CPU time)

Ran 2 tests for test/invariant/IntentLockV2DeFiInvariant.t.sol:IntentLockV2DeFiInvariantTest
[PASS] invariant_DeFiEvidenceAndStrikesPersist() (runs: 128, calls: 4096, reverts: 0)

╭-------------------------+------------------+-------+---------+----------╮
| Contract                | Selector         | Calls | Reverts | Discards |
+=========================================================================+
| IntentLockV2DeFiHandler | excessiveDeposit | 4096  | 0       | 0        |
╰-------------------------+------------------+-------+---------+----------╯

Logs:
  Bound result 4027432558
  Bound result 9912956688
  Bound result 2909798198
  Bound result 2433488434
  Bound result 1657
  Bound result 1976
  Bound result 1538
  Bound result 8554
  Bound result 1258354984
  Bound result 26
  Bound result 1463
  Bound result 11885
  Bound result 63279982
  Bound result 3856341342
  Bound result 2613
  Bound result 65535
  Bound result 6974
  Bound result 627
  Bound result 9917123414
  Bound result 7702
  Bound result 340
  Bound result 3613
  Bound result 826074472
  Bound result 4326154564
  Bound result 953186984
  Bound result 11526
  Bound result 1882
  Bound result 4576
  Bound result 6809598134
  Bound result 9684809674
  Bound result 2
  Bound result 527019882
  Bound result 320493504
  Bound result 6400613294
  Bound result 365560249
  Bound result 120
  Bound result 856
  Bound result 13279
  Bound result 14108
  Bound result 6356
  Bound result 1748087151
  Bound result 138493179
  Bound result 4177
  Bound result 9662
  Bound result 137482
  Bound result 8405594780
  Bound result 1434454324
  Bound result 2971
  Bound result 3770262
  Bound result 9987450655
  Bound result 10958
  Bound result 1092
  Bound result 2409670354
  Bound result 6877609564
  Bound result 4282421889
  Bound result 1
  Bound result 8238
  Bound result 2189718976
  Bound result 1
  Bound result 9471227116
  Bound result 0
  Bound result 5750560573
  Bound result 1436
  Bound result 12336961

[PASS] invariant_UnsafeVaultEffectsNeverSurvive() (runs: 128, calls: 4096, reverts: 0)

╭-------------------------+------------------+-------+---------+----------╮
| Contract                | Selector         | Calls | Reverts | Discards |
+=========================================================================+
| IntentLockV2DeFiHandler | excessiveDeposit | 4096  | 0       | 0        |
╰-------------------------+------------------+-------+---------+----------╯

Logs:
  Bound result 4027432558
  Bound result 9912956688
  Bound result 2909798198
  Bound result 2433488434
  Bound result 1657
  Bound result 1976
  Bound result 1538
  Bound result 8554
  Bound result 1258354984
  Bound result 26
  Bound result 1463
  Bound result 11885
  Bound result 63279982
  Bound result 3856341342
  Bound result 2613
  Bound result 65535
  Bound result 6974
  Bound result 627
  Bound result 9917123414
  Bound result 7702
  Bound result 340
  Bound result 3613
  Bound result 826074472
  Bound result 4326154564
  Bound result 953186984
  Bound result 11526
  Bound result 1882
  Bound result 4576
  Bound result 6809598134
  Bound result 9684809674
  Bound result 2
  Bound result 527019882
  Bound result 320493504
  Bound result 6400613294
  Bound result 365560249
  Bound result 120
  Bound result 856
  Bound result 13279
  Bound result 14108
  Bound result 6356
  Bound result 1748087151
  Bound result 138493179
  Bound result 4177
  Bound result 9662
  Bound result 137482
  Bound result 8405594780
  Bound result 1434454324
  Bound result 2971
  Bound result 3770262
  Bound result 9987450655
  Bound result 10958
  Bound result 1092
  Bound result 2409670354
  Bound result 6877609564
  Bound result 4282421889
  Bound result 1
  Bound result 8238
  Bound result 2189718976
  Bound result 1
  Bound result 9471227116
  Bound result 0
  Bound result 5750560573
  Bound result 1436
  Bound result 12336961

Suite result: ok. 2 passed; 0 failed; 0 skipped; finished in 11.62s (21.99s CPU time)

Ran 4 tests for test/invariant/IntentLockV2Invariant.t.sol:IntentLockV2InvariantTest
[PASS] invariant_ConsumedNonceCannotReplay() (runs: 128, calls: 4096, reverts: 0)

╭---------------------+--------------+-------+---------+----------╮
| Contract            | Selector     | Calls | Reverts | Discards |
+=================================================================+
| IntentLockV2Handler | invalidChain | 2075  | 0       | 0        |
|---------------------+--------------+-------+---------+----------|
| IntentLockV2Handler | overspend    | 2021  | 0       | 0        |
╰---------------------+--------------+-------+---------+----------╯

Logs:
  Bound result 3644
  Bound result 2451
  Bound result 8160
  Bound result 2
  Bound result 13
  Bound result 35089135
  Bound result 4418097272
  Bound result 3201866310
  Bound result 0
  Bound result 5847742007
  Bound result 7408565458
  Bound result 14597
  Bound result 2909798201
  Bound result 13320
  Bound result 6139783998
  Bound result 1
  Bound result 1
  Bound result 1315350198
  Bound result 2961351285
  Bound result 2419
  Bound result 2909798201
  Bound result 15632
  Bound result 442
  Bound result 196781
  Bound result 192627
  Bound result 1398
  Bound result 4040286444
  Bound result 3926838635
  Bound result 2977109952
  Bound result 7662868
  Bound result 9046752536
  Bound result 3674804502
  Bound result 1644791061
  Bound result 1290540652
  Bound result 4440
  Bound result 3543950335
  Bound result 1968
  Bound result 12214
  Bound result 2374
  Bound result 5
  Bound result 4116071362
  Bound result 4135882965

[PASS] invariant_InvalidAuthenticationNeverStrikes() (runs: 128, calls: 4096, reverts: 0)

╭---------------------+--------------+-------+---------+----------╮
| Contract            | Selector     | Calls | Reverts | Discards |
+=================================================================+
| IntentLockV2Handler | invalidChain | 2075  | 0       | 0        |
|---------------------+--------------+-------+---------+----------|
| IntentLockV2Handler | overspend    | 2021  | 0       | 0        |
╰---------------------+--------------+-------+---------+----------╯

Logs:
  Bound result 3644
  Bound result 2451
  Bound result 8160
  Bound result 2
  Bound result 13
  Bound result 35089135
  Bound result 4418097272
  Bound result 3201866310
  Bound result 0
  Bound result 5847742007
  Bound result 5897482697
  Bound result 14597
  Bound result 2909798201
  Bound result 13320
  Bound result 6139783998
  Bound result 1
  Bound result 1
  Bound result 1315350198
  Bound result 2961351285
  Bound result 2419
  Bound result 2909798201
  Bound result 15632
  Bound result 442
  Bound result 196781
  Bound result 192627
  Bound result 1398
  Bound result 4040286444
  Bound result 3926838635
  Bound result 2977109952
  Bound result 7662868
  Bound result 9046752536
  Bound result 3674804502
  Bound result 1644791061
  Bound result 1290540652
  Bound result 4440
  Bound result 3543950335
  Bound result 1968
  Bound result 12214
  Bound result 2374
  Bound result 5
  Bound result 4116071362
  Bound result 4135882965

[PASS] invariant_UnsafeInnerEffectsNeverSurvive() (runs: 128, calls: 4096, reverts: 0)

╭---------------------+--------------+-------+---------+----------╮
| Contract            | Selector     | Calls | Reverts | Discards |
+=================================================================+
| IntentLockV2Handler | invalidChain | 2075  | 0       | 0        |
|---------------------+--------------+-------+---------+----------|
| IntentLockV2Handler | overspend    | 2021  | 0       | 0        |
╰---------------------+--------------+-------+---------+----------╯

Logs:
  Bound result 3644
  Bound result 2451
  Bound result 8160
  Bound result 2
  Bound result 13
  Bound result 35089135
  Bound result 4418097272
  Bound result 3201866310
  Bound result 0
  Bound result 5847742007
  Bound result 7408565458
  Bound result 14597
  Bound result 2909798201
  Bound result 13320
  Bound result 6139783998
  Bound result 1
  Bound result 1
  Bound result 1315350198
  Bound result 2961351285
  Bound result 2419
  Bound result 2909798201
  Bound result 15632
  Bound result 442
  Bound result 196781
  Bound result 192627
  Bound result 1398
  Bound result 4040286444
  Bound result 3926838635
  Bound result 2977109952
  Bound result 7662868
  Bound result 9046752536
  Bound result 3674804502
  Bound result 1644791061
  Bound result 1290540652
  Bound result 4440
  Bound result 3543950335
  Bound result 1968
  Bound result 12214
  Bound result 2374
  Bound result 5
  Bound result 4116071362
  Bound result 4135882965

[PASS] invariant_ViolationsStrikeExactlyOnceAndPersistEvidence() (runs: 128, calls: 4096, reverts: 0)

╭---------------------+--------------+-------+---------+----------╮
| Contract            | Selector     | Calls | Reverts | Discards |
+=================================================================+
| IntentLockV2Handler | invalidChain | 2075  | 0       | 0        |
|---------------------+--------------+-------+---------+----------|
| IntentLockV2Handler | overspend    | 2021  | 0       | 0        |
╰---------------------+--------------+-------+---------+----------╯

Logs:
  Bound result 3644
  Bound result 2451
  Bound result 8160
  Bound result 2
  Bound result 13
  Bound result 35089135
  Bound result 4418097272
  Bound result 3201866310
  Bound result 0
  Bound result 5847742007
  Bound result 9397427845
  Bound result 14597
  Bound result 2909798201
  Bound result 13320
  Bound result 6139783998
  Bound result 1
  Bound result 1
  Bound result 1315350198
  Bound result 2961351285
  Bound result 2419
  Bound result 2909798201
  Bound result 15632
  Bound result 442
  Bound result 196781
  Bound result 192627
  Bound result 1398
  Bound result 4040286444
  Bound result 3926838635
  Bound result 2977109952
  Bound result 7662868
  Bound result 9046752536
  Bound result 3674804502
  Bound result 1644791061
  Bound result 1290540652
  Bound result 4440
  Bound result 3543950335
  Bound result 1968
  Bound result 12214
  Bound result 2374
  Bound result 5
  Bound result 4116071362
  Bound result 4135882965

Suite result: ok. 4 passed; 0 failed; 0 skipped; finished in 11.92s (30.40s CPU time)

Ran 6 tests for test/invariant/IntentLockInvariant.t.sol:IntentLockInvariantTest
[PASS] invariant_ConsumedNonceCannotExecuteAgain() (runs: 128, calls: 4096, reverts: 0)

╭------------------------+-----------------------------+-------+---------+----------╮
| Contract               | Selector                    | Calls | Reverts | Discards |
+===================================================================================+
| UnsafeExecutionHandler | attemptQuarantinedExecution | 1032  | 0       | 0        |
|------------------------+-----------------------------+-------+---------+----------|
| UnsafeExecutionHandler | unauthorizedRecovery        | 985   | 0       | 0        |
|------------------------+-----------------------------+-------+---------+----------|
| UnsafeExecutionHandler | unsafeAllowance             | 1055  | 0       | 0        |
|------------------------+-----------------------------+-------+---------+----------|
| UnsafeExecutionHandler | unsafeSwap                  | 1024  | 0       | 0        |
╰------------------------+-----------------------------+-------+---------+----------╯

Logs:
  Bound result 4361
  Bound result 3844155720
  Bound result 6657
  Bound result 1920366
  Bound result 376
  Bound result 254211508460319115494578
  Bound result 3900
  Bound result 31
  Bound result 481
  Bound result 6711
  Bound result 6886
  Bound result 185336
  Bound result 7246933277151727599218
  Bound result 944961334
  Bound result 43829488
  Bound result 171
  Bound result 8150
  Bound result 697143
  Bound result 153707294308603
  Bound result 2248
  Bound result 7822557047788043685417
  Bound result 36661162670584508025066050414
  Bound result 8650
  Bound result 3961
  Bound result 95783351061624310124766933
  Bound result 10211
  Bound result 8632742195619401957377
  Bound result 29017554
  Bound result 4
  Bound result 3817

[PASS] invariant_OnlyOwnerCanClearQuarantine() (runs: 128, calls: 4096, reverts: 0)

╭------------------------+-----------------------------+-------+---------+----------╮
| Contract               | Selector                    | Calls | Reverts | Discards |
+===================================================================================+
| UnsafeExecutionHandler | attemptQuarantinedExecution | 1032  | 0       | 0        |
|------------------------+-----------------------------+-------+---------+----------|
| UnsafeExecutionHandler | unauthorizedRecovery        | 985   | 0       | 0        |
|------------------------+-----------------------------+-------+---------+----------|
| UnsafeExecutionHandler | unsafeAllowance             | 1055  | 0       | 0        |
|------------------------+-----------------------------+-------+---------+----------|
| UnsafeExecutionHandler | unsafeSwap                  | 1024  | 0       | 0        |
╰------------------------+-----------------------------+-------+---------+----------╯

Logs:
  Bound result 4361
  Bound result 3844155720
  Bound result 6657
  Bound result 1920366
  Bound result 376
  Bound result 254211508460319115494578
  Bound result 3900
  Bound result 31
  Bound result 481
  Bound result 6711
  Bound result 6886
  Bound result 185336
  Bound result 7246933277151727599218
  Bound result 944961334
  Bound result 43829488
  Bound result 171
  Bound result 8150
  Bound result 697143
  Bound result 153707294308603
  Bound result 2248
  Bound result 9759868177946032708411
  Bound result 75404773802551299272151614791
  Bound result 8650
  Bound result 3961
  Bound result 95783351061624310124766933
  Bound result 10211
  Bound result 8632742195619401957377
  Bound result 29017554
  Bound result 4
  Bound result 3817

[PASS] invariant_QuarantinedAgentCannotExecute() (runs: 128, calls: 4096, reverts: 0)

╭------------------------+-----------------------------+-------+---------+----------╮
| Contract               | Selector                    | Calls | Reverts | Discards |
+===================================================================================+
| UnsafeExecutionHandler | attemptQuarantinedExecution | 1032  | 0       | 0        |
|------------------------+-----------------------------+-------+---------+----------|
| UnsafeExecutionHandler | unauthorizedRecovery        | 985   | 0       | 0        |
|------------------------+-----------------------------+-------+---------+----------|
| UnsafeExecutionHandler | unsafeAllowance             | 1055  | 0       | 0        |
|------------------------+-----------------------------+-------+---------+----------|
| UnsafeExecutionHandler | unsafeSwap                  | 1024  | 0       | 0        |
╰------------------------+-----------------------------+-------+---------+----------╯

Logs:
  Bound result 4361
  Bound result 3844155720
  Bound result 6657
  Bound result 1920366
  Bound result 376
  Bound result 254211508460319115494578
  Bound result 3900
  Bound result 31
  Bound result 481
  Bound result 6711
  Bound result 6886
  Bound result 185336
  Bound result 7246933277151727599218
  Bound result 944961334
  Bound result 43829488
  Bound result 171
  Bound result 8150
  Bound result 697143
  Bound result 153707294308603
  Bound result 2249
  Bound result 9252380419738687809290
  Bound result 39278155181233669685217490503
  Bound result 8651
  Bound result 3961
  Bound result 95783351061624310124766933
  Bound result 10212
  Bound result 8632742195619401957375
  Bound result 29017554
  Bound result 4
  Bound result 3817

[PASS] invariant_UnsafeExecutionCannotLeaveExcessiveAllowance() (runs: 128, calls: 4096, reverts: 0)

╭------------------------+-----------------------------+-------+---------+----------╮
| Contract               | Selector                    | Calls | Reverts | Discards |
+===================================================================================+
| UnsafeExecutionHandler | attemptQuarantinedExecution | 1032  | 0       | 0        |
|------------------------+-----------------------------+-------+---------+----------|
| UnsafeExecutionHandler | unauthorizedRecovery        | 985   | 0       | 0        |
|------------------------+-----------------------------+-------+---------+----------|
| UnsafeExecutionHandler | unsafeAllowance             | 1055  | 0       | 0        |
|------------------------+-----------------------------+-------+---------+----------|
| UnsafeExecutionHandler | unsafeSwap                  | 1024  | 0       | 0        |
╰------------------------+-----------------------------+-------+---------+----------╯

Logs:
  Bound result 4361
  Bound result 3844155720
  Bound result 6657
  Bound result 1920366
  Bound result 376
  Bound result 254211508460319115494578
  Bound result 3900
  Bound result 31
  Bound result 481
  Bound result 6711
  Bound result 6886
  Bound result 185336
  Bound result 7246933277151727599218
  Bound result 944961334
  Bound result 43829488
  Bound result 171
  Bound result 8150
  Bound result 697143
  Bound result 153707294308603
  Bound result 2249
  Bound result 7822557047788043685417
  Bound result 39278155181233669685217490502
  Bound result 8651
  Bound result 3961
  Bound result 95783351061624310124766933
  Bound result 10212
  Bound result 8632742195619401957375
  Bound result 29017554
  Bound result 4
  Bound result 3817

[PASS] invariant_UnsafeExecutionCannotReduceProtectedBalance() (runs: 128, calls: 4096, reverts: 0)

╭------------------------+-----------------------------+-------+---------+----------╮
| Contract               | Selector                    | Calls | Reverts | Discards |
+===================================================================================+
| UnsafeExecutionHandler | attemptQuarantinedExecution | 1032  | 0       | 0        |
|------------------------+-----------------------------+-------+---------+----------|
| UnsafeExecutionHandler | unauthorizedRecovery        | 985   | 0       | 0        |
|------------------------+-----------------------------+-------+---------+----------|
| UnsafeExecutionHandler | unsafeAllowance             | 1055  | 0       | 0        |
|------------------------+-----------------------------+-------+---------+----------|
| UnsafeExecutionHandler | unsafeSwap                  | 1024  | 0       | 0        |
╰------------------------+-----------------------------+-------+---------+----------╯

Logs:
  Bound result 4361
  Bound result 3844155720
  Bound result 6657
  Bound result 1920366
  Bound result 376
  Bound result 254211508460319115494578
  Bound result 3900
  Bound result 31
  Bound result 481
  Bound result 6711
  Bound result 6886
  Bound result 185336
  Bound result 7246933277151727599218
  Bound result 944961334
  Bound result 43829488
  Bound result 171
  Bound result 8150
  Bound result 697143
  Bound result 153707294308603
  Bound result 2249
  Bound result 9252380419738687809290
  Bound result 72455008102829487090320713661
  Bound result 8651
  Bound result 3961
  Bound result 95783351061624310124766933
  Bound result 10212
  Bound result 8632742195619401957375
  Bound result 29017554
  Bound result 4
  Bound result 3817

[PASS] invariant_ViolationEvidencePersistsAfterRollback() (runs: 128, calls: 4096, reverts: 0)

╭------------------------+-----------------------------+-------+---------+----------╮
| Contract               | Selector                    | Calls | Reverts | Discards |
+===================================================================================+
| UnsafeExecutionHandler | attemptQuarantinedExecution | 1032  | 0       | 0        |
|------------------------+-----------------------------+-------+---------+----------|
| UnsafeExecutionHandler | unauthorizedRecovery        | 985   | 0       | 0        |
|------------------------+-----------------------------+-------+---------+----------|
| UnsafeExecutionHandler | unsafeAllowance             | 1055  | 0       | 0        |
|------------------------+-----------------------------+-------+---------+----------|
| UnsafeExecutionHandler | unsafeSwap                  | 1024  | 0       | 0        |
╰------------------------+-----------------------------+-------+---------+----------╯

Logs:
  Bound result 4361
  Bound result 3844155720
  Bound result 6657
  Bound result 1920366
  Bound result 376
  Bound result 254211508460319115494578
  Bound result 3900
  Bound result 31
  Bound result 481
  Bound result 6711
  Bound result 6886
  Bound result 185336
  Bound result 7246933277151727599218
  Bound result 944961334
  Bound result 43829488
  Bound result 171
  Bound result 8150
  Bound result 697143
  Bound result 153707294308603
  Bound result 2248
  Bound result 9252380419738687809291
  Bound result 36661162670584508025066050416
  Bound result 8650
  Bound result 3961
  Bound result 95783351061624310124766933
  Bound result 10211
  Bound result 8632742195619401957377
  Bound result 29017554
  Bound result 4
  Bound result 3817

Suite result: ok. 6 passed; 0 failed; 0 skipped; finished in 11.92s (41.12s CPU time)

╭--------------------------------------------------------------------+-----------------+--------+--------+--------+---------╮
| src/CresnexIntentLockAccount.sol:CresnexIntentLockAccount Contract |                 |        |        |        |         |
+===========================================================================================================================+
| Deployment Cost                                                    | Deployment Size |        |        |        |         |
|--------------------------------------------------------------------+-----------------+--------+--------+--------+---------|
|                                                            2118931 |           10421 |        |        |        |         |
|--------------------------------------------------------------------+-----------------+--------+--------+--------+---------|
|                                                                    |                 |        |        |        |         |
|--------------------------------------------------------------------+-----------------+--------+--------+--------+---------|
| Function Name                                                      | Min             | Avg    | Median | Max    | # Calls |
|--------------------------------------------------------------------+-----------------+--------+--------+--------+---------|
| agents                                                             |            5163 |   5163 |   5163 |   5163 |      24 |
|--------------------------------------------------------------------+-----------------+--------+--------+--------+---------|
| executeIntent                                                      |           36309 | 155888 |  46229 | 386154 |   32274 |
|--------------------------------------------------------------------+-----------------+--------+--------+--------+---------|
| executeIsolated                                                    |           23824 |  23824 |  23824 |  23824 |       3 |
|--------------------------------------------------------------------+-----------------+--------+--------+--------+---------|
| hashCalls                                                          |            2548 |   3607 |   2560 |  84258 |   19677 |
|--------------------------------------------------------------------+-----------------+--------+--------+--------+---------|
| hashIntent                                                         |            2356 |   2356 |   2356 |   2356 |   19680 |
|--------------------------------------------------------------------+-----------------+--------+--------+--------+---------|
| pause                                                              |           46938 |  46938 |  46938 |  46938 |       3 |
|--------------------------------------------------------------------+-----------------+--------+--------+--------+---------|
| registerAgent                                                      |           23659 |  46296 |  47211 |  47211 |      78 |
|--------------------------------------------------------------------+-----------------+--------+--------+--------+---------|
| resetAgentStrikes                                                  |           25750 |  25750 |  25750 |  25750 |       3 |
|--------------------------------------------------------------------+-----------------+--------+--------+--------+---------|
| setQuarantineThreshold                                             |           29578 |  29726 |  29578 |  29950 |      15 |
|--------------------------------------------------------------------+-----------------+--------+--------+--------+---------|
| unquarantineAgent                                                  |           23919 |  23922 |  23919 |  30135 |    5937 |
|--------------------------------------------------------------------+-----------------+--------+--------+--------+---------|
| usedNonces                                                         |            2479 |   2479 |   2479 |   2479 |       3 |
|--------------------------------------------------------------------+-----------------+--------+--------+--------+---------|
| violations                                                         |           17715 |  17715 |  17715 |  17715 |   12601 |
╰--------------------------------------------------------------------+-----------------+--------+--------+--------+---------╯

╭------------------------------------------------------------------------+-----------------+--------+--------+--------+---------╮
| src/CresnexIntentLockAccountV2.sol:CresnexIntentLockAccountV2 Contract |                 |        |        |        |         |
+===============================================================================================================================+
| Deployment Cost                                                        | Deployment Size |        |        |        |         |
|------------------------------------------------------------------------+-----------------+--------+--------+--------+---------|
|                                                                6625162 |           31220 |        |        |        |         |
|------------------------------------------------------------------------+-----------------+--------+--------+--------+---------|
|                                                                        |                 |        |        |        |         |
|------------------------------------------------------------------------+-----------------+--------+--------+--------+---------|
| Function Name                                                          | Min             | Avg    | Median | Max    | # Calls |
|------------------------------------------------------------------------+-----------------+--------+--------+--------+---------|
| MAX_CALLS                                                              |             796 |    796 |    796 |    796 |     257 |
|------------------------------------------------------------------------+-----------------+--------+--------+--------+---------|
| agents                                                                 |            3476 |   3476 |   3476 |   3476 |   25589 |
|------------------------------------------------------------------------+-----------------+--------+--------+--------+---------|
| cancelNonce                                                            |           47789 |  47789 |  47789 |  47789 |      10 |
|------------------------------------------------------------------------+-----------------+--------+--------+--------+---------|
| cancelSubscription                                                     |           24693 |  36355 |  36355 |  48017 |       6 |
|------------------------------------------------------------------------+-----------------+--------+--------+--------+---------|
| cancelledSubscriptions                                                 |            2536 |   2536 |   2536 |   2536 |       3 |
|------------------------------------------------------------------------+-----------------+--------+--------+--------+---------|
| emergencyRevokeAgent                                                   |           29916 |  29916 |  29916 |  29916 |      10 |
|------------------------------------------------------------------------+-----------------+--------+--------+--------+---------|
| executeIntent                                                          |           41443 | 162553 | 215679 | 442891 |   57342 |
|------------------------------------------------------------------------+-----------------+--------+--------+--------+---------|
| executeIsolated                                                        |           23789 |  23789 |  23789 |  23789 |      10 |
|------------------------------------------------------------------------+-----------------+--------+--------+--------+---------|
| hashCalls                                                              |            3197 |   3605 |   3233 |   7340 |   49174 |
|------------------------------------------------------------------------+-----------------+--------+--------+--------+---------|
| hashIntent                                                             |            1962 |   1962 |   1962 |   1962 |   49174 |
|------------------------------------------------------------------------+-----------------+--------+--------+--------+---------|
| hashPolicy                                                             |            4167 |   5795 |   5329 |  32148 |   49174 |
|------------------------------------------------------------------------+-----------------+--------+--------+--------+---------|
| owner                                                                  |            2791 |   2791 |   2791 |   2791 |   45410 |
|------------------------------------------------------------------------+-----------------+--------+--------+--------+---------|
| pause                                                                  |           47149 |  47149 |  47149 |  47149 |      10 |
|------------------------------------------------------------------------+-----------------+--------+--------+--------+---------|
| paused                                                                 |            2565 |   2565 |   2565 |   2565 |      10 |
|------------------------------------------------------------------------+-----------------+--------+--------+--------+---------|
| phase4Validator                                                        |             399 |    399 |    399 |    399 |    1031 |
|------------------------------------------------------------------------+-----------------+--------+--------+--------+---------|
| quarantineThreshold                                                    |            2613 |   2613 |   2613 |   2613 |     243 |
|------------------------------------------------------------------------+-----------------+--------+--------+--------+---------|
| registerAgent                                                          |           47074 |  47074 |  47074 |  47074 |     230 |
|------------------------------------------------------------------------+-----------------+--------+--------+--------+---------|
| removeAgent                                                            |           30350 |  30350 |  30350 |  30350 |      10 |
|------------------------------------------------------------------------+-----------------+--------+--------+--------+---------|
| resetAgentStrikes                                                      |           30727 |  30727 |  30727 |  30727 |      48 |
|------------------------------------------------------------------------+-----------------+--------+--------+--------+---------|
| setQuarantineThreshold                                                 |           29752 |  29752 |  29752 |  29752 |      11 |
|------------------------------------------------------------------------+-----------------+--------+--------+--------+---------|
| subscriptionPaymentCount                                               |            2948 |   2948 |   2948 |   2948 |    8264 |
|------------------------------------------------------------------------+-----------------+--------+--------+--------+---------|
| treasuryEpochSpend                                                     |            2962 |   2962 |   2962 |   2962 |       3 |
|------------------------------------------------------------------------+-----------------+--------+--------+--------+---------|
| unquarantineAgent                                                      |           30086 |  30086 |  30086 |  30086 |      48 |
|------------------------------------------------------------------------+-----------------+--------+--------+--------+---------|
| usedNonces                                                             |            2668 |   2668 |   2668 |   2668 |    4246 |
|------------------------------------------------------------------------+-----------------+--------+--------+--------+---------|
| usedPayrollPayments                                                    |            3156 |   3156 |   3156 |   3156 |       3 |
|------------------------------------------------------------------------+-----------------+--------+--------+--------+---------|
| usedTreasuryReferences                                                 |            2580 |   2580 |   2580 |   2580 |       3 |
╰------------------------------------------------------------------------+-----------------+--------+--------+--------+---------╯

╭------------------------------------------------------------------------+-----------------+-------+--------+--------+---------╮
| src/CresnexIntentLockAccountV3.sol:CresnexIntentLockAccountV3 Contract |                 |       |        |        |         |
+==============================================================================================================================+
| Deployment Cost                                                        | Deployment Size |       |        |        |         |
|------------------------------------------------------------------------+-----------------+-------+--------+--------+---------|
|                                                                6881383 |           32508 |       |        |        |         |
|------------------------------------------------------------------------+-----------------+-------+--------+--------+---------|
|                                                                        |                 |       |        |        |         |
|------------------------------------------------------------------------+-----------------+-------+--------+--------+---------|
| Function Name                                                          | Min             | Avg   | Median | Max    | # Calls |
|------------------------------------------------------------------------+-----------------+-------+--------+--------+---------|
| agents                                                                 |            3498 |  3498 |   3498 |   3498 |      15 |
|------------------------------------------------------------------------+-----------------+-------+--------+--------+---------|
| executeIntent                                                          |           32164 | 72612 |  72249 | 292580 |     536 |
|------------------------------------------------------------------------+-----------------+-------+--------+--------+---------|
| executeIsolated                                                        |           25707 | 25707 |  25707 |  25707 |       1 |
|------------------------------------------------------------------------+-----------------+-------+--------+--------+---------|
| hashCalls                                                              |            3219 |  3219 |   3219 |   3255 |     794 |
|------------------------------------------------------------------------+-----------------+-------+--------+--------+---------|
| hashIntent                                                             |            1984 |  1984 |   1984 |   1984 |     534 |
|------------------------------------------------------------------------+-----------------+-------+--------+--------+---------|
| hashPolicy                                                             |            4167 |  4168 |   4167 |   5329 |     794 |
|------------------------------------------------------------------------+-----------------+-------+--------+--------+---------|
| pause                                                                  |           47149 | 47149 |  47149 |  47149 |       1 |
|------------------------------------------------------------------------+-----------------+-------+--------+--------+---------|
| registerAgent                                                          |           47074 | 47074 |  47074 |  47074 |      23 |
|------------------------------------------------------------------------+-----------------+-------+--------+--------+---------|
| unpause                                                                |           24805 | 24805 |  24805 |  24805 |       1 |
|------------------------------------------------------------------------+-----------------+-------+--------+--------+---------|
| usedNonces                                                             |            2668 |  2668 |   2668 |   2668 |     529 |
╰------------------------------------------------------------------------+-----------------+-------+--------+--------+---------╯

╭------------------------------------------------------------------------------+-----------------+-------+--------+-------+---------╮
| src/baselines/PathAndSpendGuardAccount.sol:PathAndSpendGuardAccount Contract |                 |       |        |       |         |
+===================================================================================================================================+
| Deployment Cost                                                              | Deployment Size |       |        |       |         |
|------------------------------------------------------------------------------+-----------------+-------+--------+-------+---------|
|                                                                       420572 |            1759 |       |        |       |         |
|------------------------------------------------------------------------------+-----------------+-------+--------+-------+---------|
|                                                                              |                 |       |        |       |         |
|------------------------------------------------------------------------------+-----------------+-------+--------+-------+---------|
| Function Name                                                                | Min             | Avg   | Median | Max   | # Calls |
|------------------------------------------------------------------------------+-----------------+-------+--------+-------+---------|
| authorizationHash                                                            |             949 |   949 |    949 |   949 |     516 |
|------------------------------------------------------------------------------+-----------------+-------+--------+-------+---------|
| execute                                                                      |           87055 | 87106 |  87091 | 87163 |     516 |
╰------------------------------------------------------------------------------+-----------------+-------+--------+-------+---------╯

╭----------------------------------------------------------------------+-----------------+-------+--------+-------+---------╮
| src/baselines/SignatureOnlyAccount.sol:SignatureOnlyAccount Contract |                 |       |        |       |         |
+===========================================================================================================================+
| Deployment Cost                                                      | Deployment Size |       |        |       |         |
|----------------------------------------------------------------------+-----------------+-------+--------+-------+---------|
|                                                               374574 |            1546 |       |        |       |         |
|----------------------------------------------------------------------+-----------------+-------+--------+-------+---------|
|                                                                      |                 |       |        |       |         |
|----------------------------------------------------------------------+-----------------+-------+--------+-------+---------|
| Function Name                                                        | Min             | Avg   | Median | Max   | # Calls |
|----------------------------------------------------------------------+-----------------+-------+--------+-------+---------|
| authorizationHash                                                    |             702 |   702 |    702 |   702 |     516 |
|----------------------------------------------------------------------+-----------------+-------+--------+-------+---------|
| execute                                                              |           86361 | 86401 |  86385 | 86457 |     516 |
╰----------------------------------------------------------------------+-----------------+-------+--------+-------+---------╯

╭--------------------------------------------------------------------------+-----------------+-------+--------+-------+---------╮
| src/baselines/SpendLimitGuardAccount.sol:SpendLimitGuardAccount Contract |                 |       |        |       |         |
+===============================================================================================================================+
| Deployment Cost                                                          | Deployment Size |       |        |       |         |
|--------------------------------------------------------------------------+-----------------+-------+--------+-------+---------|
|                                                                   381084 |            1576 |       |        |       |         |
|--------------------------------------------------------------------------+-----------------+-------+--------+-------+---------|
|                                                                          |                 |       |        |       |         |
|--------------------------------------------------------------------------+-----------------+-------+--------+-------+---------|
| Function Name                                                            | Min             | Avg   | Median | Max   | # Calls |
|--------------------------------------------------------------------------+-----------------+-------+--------+-------+---------|
| authorizationHash                                                        |             836 |   836 |    836 |   836 |     517 |
|--------------------------------------------------------------------------+-----------------+-------+--------+-------+---------|
| transfer                                                                 |           35891 | 85884 |  85965 | 86037 |     517 |
╰--------------------------------------------------------------------------+-----------------+-------+--------+-------+---------╯

╭------------------------------------------------------------------+-----------------+--------+--------+--------+---------╮
| src/cre/CREIntentRiskConsumer.sol:CREIntentRiskConsumer Contract |                 |        |        |        |         |
+=========================================================================================================================+
| Deployment Cost                                                  | Deployment Size |        |        |        |         |
|------------------------------------------------------------------+-----------------+--------+--------+--------+---------|
|                                                          1067125 |            4897 |        |        |        |         |
|------------------------------------------------------------------+-----------------+--------+--------+--------+---------|
|                                                                  |                 |        |        |        |         |
|------------------------------------------------------------------+-----------------+--------+--------+--------+---------|
| Function Name                                                    | Min             | Avg    | Median | Max    | # Calls |
|------------------------------------------------------------------+-----------------+--------+--------+--------+---------|
| consumeVerdict                                                   |           25249 |  31047 |  31072 |  40980 |       8 |
|------------------------------------------------------------------+-----------------+--------+--------+--------+---------|
| expectedWorkflowId                                               |            2590 |   2590 |   2590 |   2590 |       1 |
|------------------------------------------------------------------+-----------------+--------+--------+--------+---------|
| expectedWorkflowOwner                                            |            2636 |   2636 |   2636 |   2636 |       1 |
|------------------------------------------------------------------+-----------------+--------+--------+--------+---------|
| onReport                                                         |           26874 | 127281 | 153513 | 173981 |    1087 |
|------------------------------------------------------------------+-----------------+--------+--------+--------+---------|
| setAuthorizedGate                                                |           21642 |  43154 |  45167 |  45167 |      34 |
|------------------------------------------------------------------+-----------------+--------+--------+--------+---------|
| setExpectedWorkflow                                              |           21925 |  65983 |  68098 |  68098 |      86 |
|------------------------------------------------------------------+-----------------+--------+--------+--------+---------|
| verdictKey                                                       |             968 |    968 |    968 |    968 |     530 |
|------------------------------------------------------------------+-----------------+--------+--------+--------+---------|
| verdicts                                                         |           13128 |  13128 |  13128 |  13128 |       7 |
╰------------------------------------------------------------------+-----------------+--------+--------+--------+---------╯

╭------------------------------------------------------------+-----------------+------+--------+------+---------╮
| src/mocks/MockAdminProtocol.sol:MockAdminProtocol Contract |                 |      |        |      |         |
+===============================================================================================================+
| Deployment Cost                                            | Deployment Size |      |        |      |         |
|------------------------------------------------------------+-----------------+------+--------+------+---------|
|                                                     252969 |             951 |      |        |      |         |
|------------------------------------------------------------+-----------------+------+--------+------+---------|
|                                                            |                 |      |        |      |         |
|------------------------------------------------------------+-----------------+------+--------+------+---------|
| Function Name                                              | Min             | Avg  | Median | Max  | # Calls |
|------------------------------------------------------------+-----------------+------+--------+------+---------|
| approvedAddress                                            |            2316 | 2316 |   2316 | 2316 |       1 |
|------------------------------------------------------------+-----------------+------+--------+------+---------|
| dangerousCallCount                                         |            2468 | 2468 |   2468 | 2468 |    4179 |
|------------------------------------------------------------+-----------------+------+--------+------+---------|
| parameter                                                  |            2401 | 2401 |   2401 | 2401 |    8856 |
|------------------------------------------------------------+-----------------+------+--------+------+---------|
| paused                                                     |            2354 | 2354 |   2354 | 2354 |       1 |
|------------------------------------------------------------+-----------------+------+--------+------+---------|
| roles                                                      |            2738 | 2738 |   2738 | 2738 |       1 |
╰------------------------------------------------------------+-----------------+------+--------+------+---------╯

╭------------------------------------------------+-----------------+------+--------+------+---------╮
| src/mocks/MockERC1155.sol:MockERC1155 Contract |                 |      |        |      |         |
+===================================================================================================+
| Deployment Cost                                | Deployment Size |      |        |      |         |
|------------------------------------------------+-----------------+------+--------+------+---------|
|                                         928510 |            4182 |      |        |      |         |
|------------------------------------------------+-----------------+------+--------+------+---------|
|                                                |                 |      |        |      |         |
|------------------------------------------------+-----------------+------+--------+------+---------|
| Function Name                                  | Min             | Avg  | Median | Max  | # Calls |
|------------------------------------------------+-----------------+------+--------+------+---------|
| balanceOf                                      |             479 | 1479 |   1479 | 2479 |     518 |
╰------------------------------------------------+-----------------+------+--------+------+---------╯

╭--------------------------------------------+-----------------+-------+--------+-------+---------╮
| src/mocks/MockERC20.sol:MockERC20 Contract |                 |       |        |       |         |
+=================================================================================================+
| Deployment Cost                            | Deployment Size |       |        |       |         |
|--------------------------------------------+-----------------+-------+--------+-------+---------|
|                                     488570 |            2894 |       |        |       |         |
|--------------------------------------------+-----------------+-------+--------+-------+---------|
|                                            |                 |       |        |       |         |
|--------------------------------------------+-----------------+-------+--------+-------+---------|
| Function Name                              | Min             | Avg   | Median | Max   | # Calls |
|--------------------------------------------+-----------------+-------+--------+-------+---------|
| allowance                                  |             768 |  2375 |   2768 |  2768 |   57478 |
|--------------------------------------------+-----------------+-------+--------+-------+---------|
| approve                                    |           45921 | 45921 |  45921 | 45921 |      17 |
|--------------------------------------------+-----------------+-------+--------+-------+---------|
| balanceOf                                  |             537 |  2093 |   2537 |  2537 |  192825 |
|--------------------------------------------+-----------------+-------+--------+-------+---------|
| mint                                       |           50961 | 64663 |  68073 | 68217 |     370 |
╰--------------------------------------------+-----------------+-------+--------+-------+---------╯

╭----------------------------------------------------------+-----------------+-------+--------+-------+---------╮
| src/mocks/MockERC4626Vault.sol:MockERC4626Vault Contract |                 |       |        |       |         |
+===============================================================================================================+
| Deployment Cost                                          | Deployment Size |       |        |       |         |
|----------------------------------------------------------+-----------------+-------+--------+-------+---------|
|                                                   687331 |            3826 |       |        |       |         |
|----------------------------------------------------------+-----------------+-------+--------+-------+---------|
|                                                          |                 |       |        |       |         |
|----------------------------------------------------------+-----------------+-------+--------+-------+---------|
| Function Name                                            | Min             | Avg   | Median | Max   | # Calls |
|----------------------------------------------------------+-----------------+-------+--------+-------+---------|
| balanceOf                                                |             559 |  2301 |   2559 |  2559 |   10035 |
|----------------------------------------------------------+-----------------+-------+--------+-------+---------|
| behavior                                                 |            2463 |  2463 |   2463 |  2463 |       3 |
|----------------------------------------------------------+-----------------+-------+--------+-------+---------|
| deposit                                                  |           98807 | 98807 |  98807 | 98807 |      17 |
|----------------------------------------------------------+-----------------+-------+--------+-------+---------|
| setBehavior                                              |           21827 | 32592 |  26639 | 43739 |      21 |
╰----------------------------------------------------------+-----------------+-------+--------+-------+---------╯

╭----------------------------------------------+-----------------+------+--------+------+---------╮
| src/mocks/MockERC721.sol:MockERC721 Contract |                 |      |        |      |         |
+=================================================================================================+
| Deployment Cost                              | Deployment Size |      |        |      |         |
|----------------------------------------------+-----------------+------+--------+------+---------|
|                                       820648 |            4070 |      |        |      |         |
|----------------------------------------------+-----------------+------+--------+------+---------|
|                                              |                 |      |        |      |         |
|----------------------------------------------+-----------------+------+--------+------+---------|
| Function Name                                | Min             | Avg  | Median | Max  | # Calls |
|----------------------------------------------+-----------------+------+--------+------+---------|
| ownerOf                                      |             577 | 2432 |   2547 | 2577 |    4430 |
╰----------------------------------------------+-----------------+------+--------+------+---------╯

╭--------------------------------------------------------------+-----------------+-------+--------+-------+---------╮
| src/mocks/MockNftMarketplace.sol:MockNftMarketplace Contract |                 |       |        |       |         |
+===================================================================================================================+
| Deployment Cost                                              | Deployment Size |       |        |       |         |
|--------------------------------------------------------------+-----------------+-------+--------+-------+---------|
|                                                       361418 |            1369 |       |        |       |         |
|--------------------------------------------------------------+-----------------+-------+--------+-------+---------|
|                                                              |                 |       |        |       |         |
|--------------------------------------------------------------+-----------------+-------+--------+-------+---------|
| Function Name                                                | Min             | Avg   | Median | Max   | # Calls |
|--------------------------------------------------------------+-----------------+-------+--------+-------+---------|
| setBehavior                                                  |           23658 | 23938 |  23658 | 26458 |    3911 |
╰--------------------------------------------------------------+-----------------+-------+--------+-------+---------╯

╭--------------------------------------------------------------------------+-----------------+---------+---------+---------+---------╮
| src/mocks/MockReentrantNftReceiver.sol:MockReentrantNftReceiver Contract |                 |         |         |         |         |
+====================================================================================================================================+
| Deployment Cost                                                          | Deployment Size |         |         |         |         |
|--------------------------------------------------------------------------+-----------------+---------+---------+---------+---------|
|                                                                   461445 |            2048 |         |         |         |         |
|--------------------------------------------------------------------------+-----------------+---------+---------+---------+---------|
|                                                                          |                 |         |         |         |         |
|--------------------------------------------------------------------------+-----------------+---------+---------+---------+---------|
| Function Name                                                            | Min             | Avg     | Median  | Max     | # Calls |
|--------------------------------------------------------------------------+-----------------+---------+---------+---------+---------|
| attempted                                                                |            2356 |    2356 |    2356 |    2356 |       2 |
|--------------------------------------------------------------------------+-----------------+---------+---------+---------+---------|
| reentrySucceeded                                                         |            2318 |    2318 |    2318 |    2318 |       2 |
|--------------------------------------------------------------------------+-----------------+---------+---------+---------+---------|
| setPayload                                                               |         1396316 | 1407465 | 1407465 | 1418615 |       2 |
╰--------------------------------------------------------------------------+-----------------+---------+---------+---------+---------╯

╭------------------------------------------------------------------+-----------------+-------+--------+-------+---------╮
| src/mocks/MockVaultPriceOracle.sol:MockVaultPriceOracle Contract |                 |       |        |       |         |
+=======================================================================================================================+
| Deployment Cost                                                  | Deployment Size |       |        |       |         |
|------------------------------------------------------------------+-----------------+-------+--------+-------+---------|
|                                                           103381 |             256 |       |        |       |         |
|------------------------------------------------------------------+-----------------+-------+--------+-------+---------|
|                                                                  |                 |       |        |       |         |
|------------------------------------------------------------------+-----------------+-------+--------+-------+---------|
| Function Name                                                    | Min             | Avg   | Median | Max   | # Calls |
|------------------------------------------------------------------+-----------------+-------+--------+-------+---------|
| price                                                            |            2419 |  2419 |   2419 |  2419 |      14 |
|------------------------------------------------------------------+-----------------+-------+--------+-------+---------|
| setPrice                                                         |           26892 | 43275 |  43992 | 44004 |     142 |
╰------------------------------------------------------------------+-----------------+-------+--------+-------+---------╯

╭-----------------------------------------------------------------------+-----------------+------+--------+-------+---------╮
| src/policies/Phase4PolicyValidator.sol:Phase4PolicyValidator Contract |                 |      |        |       |         |
+===========================================================================================================================+
| Deployment Cost                                                       | Deployment Size |      |        |       |         |
|-----------------------------------------------------------------------+-----------------+------+--------+-------+---------|
|                                                                     0 |           14438 |      |        |       |         |
|-----------------------------------------------------------------------+-----------------+------+--------+-------+---------|
|                                                                       |                 |      |        |       |         |
|-----------------------------------------------------------------------+-----------------+------+--------+-------+---------|
| Function Name                                                         | Min             | Avg  | Median | Max   | # Calls |
|-----------------------------------------------------------------------+-----------------+------+--------+-------+---------|
| validateCalls                                                         |             572 | 3721 |   3279 | 14515 |   36841 |
|-----------------------------------------------------------------------+-----------------+------+--------+-------+---------|
| validateOutcome                                                       |            2270 | 6349 |   6863 | 18119 |    4435 |
|-----------------------------------------------------------------------+-----------------+------+--------+-------+---------|
| validateShape                                                         |             561 | 4993 |   4278 | 23102 |   41588 |
╰-----------------------------------------------------------------------+-----------------+------+--------+-------+---------╯

╭--------------------------------------------------------------------------+-----------------+--------+--------+--------+---------╮
| test/invariant/IntentLockInvariant.t.sol:UnsafeExecutionHandler Contract |                 |        |        |        |         |
+=================================================================================================================================+
| Deployment Cost                                                          | Deployment Size |        |        |        |         |
|--------------------------------------------------------------------------+-----------------+--------+--------+--------+---------|
|                                                                  2620169 |           12365 |        |        |        |         |
|--------------------------------------------------------------------------+-----------------+--------+--------+--------+---------|
|                                                                          |                 |        |        |        |         |
|--------------------------------------------------------------------------+-----------------+--------+--------+--------+---------|
| Function Name                                                            | Min             | Avg    | Median | Max    | # Calls |
|--------------------------------------------------------------------------+-----------------+--------+--------+--------+---------|
| allowanceCapBroken                                                       |            2854 |   2854 |   2854 |   2854 |       1 |
|--------------------------------------------------------------------------+-----------------+--------+--------+--------+---------|
| attemptQuarantinedExecution                                              |           63209 |  63242 |  63233 |  63293 |    6240 |
|--------------------------------------------------------------------------+-----------------+--------+--------+--------+---------|
| balanceRollbackBroken                                                    |            2265 |   2265 |   2265 |   2265 |       1 |
|--------------------------------------------------------------------------+-----------------+--------+--------+--------+---------|
| evidenceMissing                                                          |            2480 |   2480 |   2480 |   2480 |       1 |
|--------------------------------------------------------------------------+-----------------+--------+--------+--------+---------|
| lastEvidence                                                             |            2726 |   2726 |   2726 |   2726 |       2 |
|--------------------------------------------------------------------------+-----------------+--------+--------+--------+---------|
| quarantinedExecutionSucceeded                                            |            2898 |   2898 |   2898 |   2898 |       1 |
|--------------------------------------------------------------------------+-----------------+--------+--------+--------+---------|
| replaySucceeded                                                          |            2766 |   2766 |   2766 |   2766 |       1 |
|--------------------------------------------------------------------------+-----------------+--------+--------+--------+---------|
| unauthorizedRecovery                                                     |           30122 |  30122 |  30122 |  30122 |    5934 |
|--------------------------------------------------------------------------+-----------------+--------+--------+--------+---------|
| unsafeAllowance                                                          |          431394 | 434662 | 431514 | 483006 |    6390 |
|--------------------------------------------------------------------------+-----------------+--------+--------+--------+---------|
| unsafeSwap                                                               |          482146 | 524872 | 522427 | 574669 |    6204 |
|--------------------------------------------------------------------------+-----------------+--------+--------+--------+---------|
| violationCount                                                           |            2506 |   2506 |   2506 |   2506 |       1 |
╰--------------------------------------------------------------------------+-----------------+--------+--------+--------+---------╯

╭---------------------------------------------------------------------------------+-----------------+--------+--------+--------+---------╮
| test/invariant/IntentLockV2DeFiInvariant.t.sol:IntentLockV2DeFiHandler Contract |                 |        |        |        |         |
+========================================================================================================================================+
| Deployment Cost                                                                 | Deployment Size |        |        |        |         |
|---------------------------------------------------------------------------------+-----------------+--------+--------+--------+---------|
|                                                                         1905049 |            8715 |        |        |        |         |
|---------------------------------------------------------------------------------+-----------------+--------+--------+--------+---------|
|                                                                                 |                 |        |        |        |         |
|---------------------------------------------------------------------------------+-----------------+--------+--------+--------+---------|
| Function Name                                                                   | Min             | Avg    | Median | Max    | # Calls |
|---------------------------------------------------------------------------------+-----------------+--------+--------+--------+---------|
| evidenceMissing                                                                 |            2406 |   2406 |   2406 |   2406 |       1 |
|---------------------------------------------------------------------------------+-----------------+--------+--------+--------+---------|
| excessiveDeposit                                                                |          316301 | 317412 | 316967 | 334601 |    8256 |
|---------------------------------------------------------------------------------+-----------------+--------+--------+--------+---------|
| rollbackBroken                                                                  |            2488 |   2488 |   2488 |   2488 |       1 |
|---------------------------------------------------------------------------------+-----------------+--------+--------+--------+---------|
| violationCount                                                                  |            2410 |   2410 |   2410 |   2410 |       1 |
╰---------------------------------------------------------------------------------+-----------------+--------+--------+--------+---------╯

╭-------------------------------------------------------------------------+-----------------+--------+--------+--------+---------╮
| test/invariant/IntentLockV2Invariant.t.sol:IntentLockV2Handler Contract |                 |        |        |        |         |
+================================================================================================================================+
| Deployment Cost                                                         | Deployment Size |        |        |        |         |
|-------------------------------------------------------------------------+-----------------+--------+--------+--------+---------|
|                                                                 2180839 |           10050 |        |        |        |         |
|-------------------------------------------------------------------------+-----------------+--------+--------+--------+---------|
|                                                                         |                 |        |        |        |         |
|-------------------------------------------------------------------------+-----------------+--------+--------+--------+---------|
| Function Name                                                           | Min             | Avg    | Median | Max    | # Calls |
|-------------------------------------------------------------------------+-----------------+--------+--------+--------+---------|
| authenticatedViolations                                                 |            2765 |   2765 |   2765 |   2765 |       1 |
|-------------------------------------------------------------------------+-----------------+--------+--------+--------+---------|
| authenticationAddedStrike                                               |            2565 |   2565 |   2565 |   2565 |       1 |
|-------------------------------------------------------------------------+-----------------+--------+--------+--------+---------|
| evidenceMissing                                                         |            2367 |   2367 |   2367 |   2367 |       1 |
|-------------------------------------------------------------------------+-----------------+--------+--------+--------+---------|
| invalidChain                                                            |           95695 |  95753 |  95743 |  95803 |    8344 |
|-------------------------------------------------------------------------+-----------------+--------+--------+--------+---------|
| overspend                                                               |          335977 | 337744 | 336727 | 354457 |    8168 |
|-------------------------------------------------------------------------+-----------------+--------+--------+--------+---------|
| replaySucceeded                                                         |            2634 |   2634 |   2634 |   2634 |       1 |
|-------------------------------------------------------------------------+-----------------+--------+--------+--------+---------|
| rollbackBroken                                                          |            2449 |   2449 |   2449 |   2449 |       1 |
╰-------------------------------------------------------------------------+-----------------+--------+--------+--------+---------╯

╭-----------------------------------------------------------------------------------------+-----------------+--------+--------+--------+---------╮
| test/invariant/IntentLockV2PaymentsInvariant.t.sol:IntentLockV2PaymentsHandler Contract |                 |        |        |        |         |
+================================================================================================================================================+
| Deployment Cost                                                                         | Deployment Size |        |        |        |         |
|-----------------------------------------------------------------------------------------+-----------------+--------+--------+--------+---------|
|                                                                                 1759199 |            8043 |        |        |        |         |
|-----------------------------------------------------------------------------------------+-----------------+--------+--------+--------+---------|
|                                                                                         |                 |        |        |        |         |
|-----------------------------------------------------------------------------------------+-----------------+--------+--------+--------+---------|
| Function Name                                                                           | Min             | Avg    | Median | Max    | # Calls |
|-----------------------------------------------------------------------------------------+-----------------+--------+--------+--------+---------|
| SUBSCRIPTION_ID                                                                         |             153 |    153 |    153 |    153 |       2 |
|-----------------------------------------------------------------------------------------+-----------------+--------+--------+--------+---------|
| charge                                                                                  |          254051 | 287364 | 288324 | 288578 |    8256 |
|-----------------------------------------------------------------------------------------+-----------------+--------+--------+--------+---------|
| countMismatch                                                                           |            2345 |   2345 |   2345 |   2345 |       1 |
|-----------------------------------------------------------------------------------------+-----------------+--------+--------+--------+---------|
| doubleChargeSucceeded                                                                   |            2295 |   2295 |   2295 |   2295 |       1 |
╰-----------------------------------------------------------------------------------------+-----------------+--------+--------+--------+---------╯

╭-------------------------------------------------------------------------------------+-----------------+--------+--------+--------+---------╮
| test/invariant/IntentLockV2Phase4Invariant.t.sol:IntentLockV2Phase4Handler Contract |                 |        |        |        |         |
+============================================================================================================================================+
| Deployment Cost                                                                     | Deployment Size |        |        |        |         |
|-------------------------------------------------------------------------------------+-----------------+--------+--------+--------+---------|
|                                                                             2483074 |           11591 |        |        |        |         |
|-------------------------------------------------------------------------------------+-----------------+--------+--------+--------+---------|
|                                                                                     |                 |        |        |        |         |
|-------------------------------------------------------------------------------------+-----------------+--------+--------+--------+---------|
| Function Name                                                                       | Min             | Avg    | Median | Max    | # Calls |
|-------------------------------------------------------------------------------------+-----------------+--------+--------+--------+---------|
| administrationAboveBound                                                            |          275261 | 276204 | 275393 | 293087 |    4299 |
|-------------------------------------------------------------------------------------+-----------------+--------+--------+--------+---------|
| authenticatedViolations                                                             |            2809 |   2809 |   2809 |   2809 |       1 |
|-------------------------------------------------------------------------------------+-----------------+--------+--------+--------+---------|
| authenticationChangedState                                                          |            2744 |   2744 |   2744 |   2744 |       1 |
|-------------------------------------------------------------------------------------+-----------------+--------+--------+--------+---------|
| dangerousAdministrationSelector                                                     |          115782 | 118199 | 118282 | 118294 |    4179 |
|-------------------------------------------------------------------------------------+-----------------+--------+--------+--------+---------|
| evidenceMissing                                                                     |            2389 |   2389 |   2389 |   2389 |       1 |
|-------------------------------------------------------------------------------------+-----------------+--------+--------+--------+---------|
| paymentWithoutNft                                                                   |          425258 | 426791 | 425816 | 446100 |    3906 |
|-------------------------------------------------------------------------------------+-----------------+--------+--------+--------+---------|
| unsafeEffectSurvived                                                                |            2584 |   2584 |   2584 |   2584 |       1 |
╰-------------------------------------------------------------------------------------+-----------------+--------+--------+--------+---------╯


Ran 21 test suites in 18.10s (116.30s CPU time): 378 tests passed, 0 failed, 0 skipped (378 total tests)
